archivo;anio;mes;antiguedad_meses;filas;licitaciones;con_fecha_adjudicacion;pct_con_fecha_adjudicacion;adjudicacion_en_futuro;pct_adjudicacion_en_futuro;pct_estado_adjudicada;rezago_mediano_dias;rezago_p90_dias
lic_2023-1.csv;2023;1;43;192813;10233;10227;99.9414;0;0.0;83.2991;26;75
lic_2023-2.csv;2023;2;42;211857;10792;10783;99.9166;0;0.0;82.0979;28;76
lic_2023-3.csv;2023;3;41;251546;12877;12839;99.7049;0;0.0;83.0395;28;80
lic_2023-4.csv;2023;4;40;193478;11619;11589;99.7418;0;0.0;83.8712;29;79
lic_2023-5.csv;2023;5;39;242916;13535;13481;99.601;0;0.0;84.2482;29;80
lic_2023-6.csv;2023;6;38;235229;12815;12736;99.3835;0;0.0;83.8314;31;85
lic_2023-7.csv;2023;7;37;242143;12887;12844;99.6663;1;0.0078;80.8179;30;90
lic_2023-8.csv;2023;8;36;245559;14016;13999;99.8787;0;0.0;82.7483;35;90
lic_2023-9.csv;2023;9;35;131585;9101;9073;99.6923;0;0.0;80.8592;38;85
lic_2023-10.csv;2023;10;34;221374;14577;14513;99.561;0;0.0;81.6149;29;73
lic_2023-11.csv;2023;11;33;240902;16636;16509;99.2366;0;0.0;82.598;23;71
lic_2023-12.csv;2023;12;32;144111;10496;10319;98.3136;0;0.0;81.3929;24;84
lic_2024-1.csv;2024;1;31;206454;11712;11699;99.889;0;0.0;84.7421;27;78
lic_2024-2.csv;2024;2;30;221071;12458;12443;99.8796;0;0.0;83.5848;28;79
lic_2024-3.csv;2024;3;29;225691;12189;12137;99.5734;0;0.0;83.5918;29;81
lic_2024-4.csv;2024;4;28;263050;14871;14793;99.4755;0;0.0;83.2829;30;81
lic_2024-5.csv;2024;5;27;226748;14122;14049;99.4831;0;0.0;83.5647;30;82
lic_2024-6.csv;2024;6;26;206870;12616;12552;99.4927;0;0.0;83.3545;33;85
lic_2024-7.csv;2024;7;25;226093;13955;13923;99.7707;0;0.0;83.9699;31;84
lic_2024-8.csv;2024;8;24;216908;14516;14516;100.0;0;0.0;83.7076;30;83
lic_2024-9.csv;2024;9;23;178603;11510;11510;100.0;0;0.0;83.3623;30;77
lic_2024-10.csv;2024;10;22;220636;15431;15431;100.0;1;0.0065;82.9175;29;77
lic_2024-11.csv;2024;11;21;209934;13587;13587;100.0;0;0.0;82.3876;24;78
lic_2024-12.csv;2024;12;20;110228;7175;7175;100.0;1;0.0139;78.9826;32;101
lic_2025-1.csv;2025;1;19;126071;7000;7000;100.0;1;0.0143;85.4429;29;82
lic_2025-2.csv;2025;2;18;150032;7534;7534;100.0;0;0.0;84.1651;33;88
lic_2025-3.csv;2025;3;17;177113;8484;8484;100.0;0;0.0;83.4512;35;94
lic_2025-4.csv;2025;4;16;181711;9383;9383;100.0;0;0.0;82.8093;37;92
lic_2025-5.csv;2025;5;15;174842;8725;8725;100.0;1;0.0115;83.4842;36;95
lic_2025-6.csv;2025;6;14;153824;8711;8711;100.0;2;0.023;81.8161;38;95
lic_2025-7.csv;2025;7;13;147814;9354;9354;100.0;0;0.0;81.5373;37;96
lic_2025-8.csv;2025;8;12;147044;8722;8722;100.0;2;0.0229;83.0429;36;93
lic_2025-9.csv;2025;9;11;124680;7879;7879;100.0;2;0.0254;82.1297;38;88
lic_2025-10.csv;2025;10;10;127449;9043;9043;100.0;4;0.0442;81.588;35;91
lic_2025-11.csv;2025;11;9;124982;8627;8627;100.0;9;0.1043;81.5231;31;88
lic_2025-12.csv;2025;12;8;98204;7070;7070;100.0;21;0.297;77.3126;36;93
