_estrato,n_lineas,n_tuplas,clp
27|SE|3_alto,728,725,23468078349.32553
78|AG|1_bajo,103017,101744,34012743832.02304
14|TD|1_bajo,3196,3160,489527344.37104774
25|MC|1_bajo,7284,7171,1043668631.3341876
55|TD|3_alto,64,64,1223924129.0
21|SE|2_medio,1779,1744,6021419107.778236
51|CC|3_alto,121,115,2855772600.0
42|CC|2_medio,4395,3484,12723446606.21216
25|TD|3_alto,278,276,14174788520.390915
78|CT|1_bajo,15,15,2162679.35
50|SE|3_alto,5440,5252,792100659865.3969
84|TD|1_bajo,1039,1033,164731016.1099248
72|AG|1_bajo,77312,76971,23604019727.51126
10|AG|2_medio,4256,4230,7843561880.777152
11|SE|3_alto,5389,5206,190131251828.60187
41|SE|2_medio,249730,190094,658399551831.8484
82|AG|2_medio,14092,14020,26022160042.793335
26|CT|1_bajo,12,12,815643.72
80|CM|2_medio,13410,11822,42352702870.0
55|CM|2_medio,10858,9701,26238342324.0
12|CM|1_bajo,81762,32514,3314553132.0
23|SE|2_medio,9926,8984,28737228437.616512
56|AG|1_bajo,136853,136341,36082227982.85788
32|AG|1_bajo,27585,27531,4565216746.43474
86|SE|2_medio,29729,29015,96758015784.51231
51|TD|2_medio,1824,1640,7205096937.4336
54|TD|1_bajo,28,28,5284126.57404
26|SE|3_alto,2351,2327,79092643885.11998
51|CC|2_medio,1415,1153,4008764828.0
80|AG|2_medio,38310,38039,80207667999.24754
56|SE|2_medio,17869,17569,52795079085.46116
84|SE|3_alto,4280,4264,251945449191.1463
30|AG|2_medio,27835,27262,51186766566.984535
25|CC|3_alto,31,31,5391738138.0
80|CC|3_alto,105,103,2880457322.68521
31|CC|3_alto,11,9,239574204.0
76|AG|2_medio,6099,6059,13032107592.257624
72|SE|2_medio,117509,113412,400664030625.19696
77|AG|1_bajo,1124,1117,390463063.43779993
24|MC|1_bajo,4361,4259,465103509.27971005
20|SE|3_alto,2685,2556,140870502519.22327
78|TD|2_medio,7627,7172,24442533084.18389
73|TD|1_bajo,8068,6944,1952224990.1984618
70|TD|1_bajo,521,515,157222431.74440753
76|CC|1_bajo,2312,2142,508667996.514343
11|CC|1_bajo,758,705,149149168.497511
41|CC|3_alto,98,63,1972436410.0
76|SE|1_bajo,130994,114636,35284043444.6319
32|SE|3_alto,334,329,823315384140.8497
91|AG|1_bajo,36067,35400,6845537519.133271
40|CM|3_alto,146,145,19233078624.0
42|CC|1_bajo,15454,11747,4357799889.5390005
43|TD|2_medio,2851,2800,10023439373.669613
78|SE|3_alto,31914,30345,1302098564503.6038
48|MC|1_bajo,3576,3536,402898352.64424765
91|TD|1_bajo,2686,2606,829008323.3075343
39|TD|3_alto,70,69,3303290783.7642
93|MC|2_medio,5,5,7246272.8780000005
48|CM|1_bajo,15358,7256,1241757935.0
52|CM|1_bajo,65337,32930,8919833146.0
10|SE|3_alto,1739,1716,64854111222.17403
30|AG|1_bajo,317468,315126,53698363462.96706
86|AG|1_bajo,25987,25854,10298541633.4355
25|TD|2_medio,1811,1796,5430131320.761699
45|CM|3_alto,12,12,199083845.0
52|AG|1_bajo,246416,244411,36773385187.77245
73|CC|2_medio,347,326,910799955.34
56|SE|1_bajo,57124,54063,15213042018.327341
92|MC|1_bajo,204,202,45951103.767026
60|SE|1_bajo,310340,295205,33759105052.994568
11|CM|1_bajo,39077,22513,4948116098.0
50|TD|2_medio,495,463,1192392693.9749718
32|CM|1_bajo,2776,2278,482957234.0
53|TD|1_bajo,3098,3075,442737909.12409157
70|AG|2_medio,3893,3881,8105249870.007382
77|SE|1_bajo,3615,3273,897181539.2888757
13|CM|1_bajo,10013,4940,1115251834.0
23|MC|1_bajo,3436,3415,306148335.1098427
83|MC|1_bajo,851,821,169206789.55447167
72|MC|1_bajo,7474,7413,1808148290.1540477
42|AG|2_medio,163749,144850,315715893712.79156
27|TD|1_bajo,1084,1079,137343467.2361806
40|AG|2_medio,11805,11710,21030961372.95629
90|TD|2_medio,1799,1793,4962229318.885197
21|TD|2_medio,46,46,159477359.0
93|SE|2_medio,24224,22857,89957733523.61995
13|MC|1_bajo,1966,1939,113836725.66213119
77|TD|1_bajo,78,78,22213545.124727003
12|TD|2_medio,849,821,2802954506.36
91|CT|2_medio,2,2,7624859.0
25|SE|1_bajo,246485,231627,51196532010.91449
10|TD|2_medio,149,146,506586312.28761995
25|CC|2_medio,85,84,158212291.004
23|SE|3_alto,1496,1377,45817092632.03457
93|TD|3_alto,294,292,36103070288.57085
82|SE|1_bajo,208461,193035,38734380898.683975
39|TD|1_bajo,2071,2064,342014039.9363652
21|MC|1_bajo,464,463,53576558.04670578
40|TD|2_medio,824,820,2346448788.2048163
91|SE|1_bajo,89713,79679,24115252367.76198
43|CC|1_bajo,8127,6460,521577046.70200557
83|TD|1_bajo,1629,1533,558363588.2733803
47|TD|2_medio,301,269,803669358.5273001
46|MC|1_bajo,5424,5353,434517365.68722504
32|TD|1_bajo,241,241,51630507.891
21|TD|1_bajo,157,156,38573118.8954
44|AG|2_medio,14017,13908,24129065090.692627
40|CC|2_medio,20,20,37611246.276
40|SE|3_alto,2525,2454,95430033959.27402
94|SE|3_alto,1133,1113,41207420903.29782
43|AG|2_medio,38999,38783,70118226230.6347
82|AG|1_bajo,128644,127656,28086932169.48147
85|MC|2_medio,5,5,6460747.0
39|SE|2_medio,18001,17516,53083843976.05284
46|CC|1_bajo,135,102,25906586.041
49|CC|1_bajo,18,18,3910214.314
27|MC|1_bajo,6924,6885,313958740.8025272
84|CC|1_bajo,140,139,8063802.2116
52|TD|2_medio,214,213,576275593.9314275
20|CM|3_alto,163,158,2878022717.0
15|CC|1_bajo,48,48,21201454.28
46|TD|2_medio,338,337,1049958688.3381
85|SE|3_alto,47895,45294,4993876783976.756
71|MC|1_bajo,344,342,65195036.54185976
56|AG|2_medio,13496,13448,23217101157.155594
90|CC|2_medio,127,126,547422207.9129
86|CC|3_alto,73,67,1354121869.8140001
31|SE|1_bajo,554114,519398,42354333711.907295
21|SE|3_alto,700,681,30050541563.591377
77|AG|2_medio,612,591,1388458857.9720001
85|CC|2_medio,958,909,3676317306.4893804
50|TD|3_alto,34,34,2675760365.1667
40|CT|1_bajo,18,18,1839697.1500000001
90|SE|2_medio,42307,41535,125831498296.53552
93|SE|1_bajo,110790,83349,14927813623.51422
86|MC|1_bajo,1674,1667,291003795.1588733
32|MC|1_bajo,821,813,99986044.16224973
27|CM|2_medio,469,371,920201258.0
22|AG|1_bajo,8209,8124,2290856878.110966
76|SE|2_medio,74907,67340,269614430527.7404
76|TD|2_medio,1128,1102,4160710427.570366
45|CC|1_bajo,32,31,3594373.23956
10|CM|3_alto,134,131,4095523932.0
14|AG|2_medio,12184,12033,20121535768.278343
21|SE|1_bajo,8891,8652,1245284696.3069465
51|SE|3_alto,27802,24398,5361883518863.374
30|SE|3_alto,17309,16851,780592814564.9889
30|CC|2_medio,215,171,498694265.0
45|CM|1_bajo,7074,2831,600280605.0
49|CM|2_medio,7943,7139,17757553196.0
22|MC|1_bajo,735,719,162161834.01499528
48|CM|3_alto,8,8,141078090.0
83|SE|2_medio,24497,22921,76149543186.1716
31|CM|1_bajo,333331,138401,15878697689.0
26|MC|1_bajo,6484,6435,674315198.6586599
31|TD|3_alto,48,48,1119104770.0
45|CM|2_medio,108,97,251771964.0
93|AG|1_bajo,33612,33030,5582812086.3595705
42|SE|2_medio,679752,540615,1884019545252.4834
14|CM|2_medio,29649,23980,72407677825.0
84|AG|2_medio,2097,2094,4120619143.5118284
70|CC|1_bajo,701,412,50779120.0
47|AG|1_bajo,442055,439363,36985263141.56455
83|CC|3_alto,63,61,2437032413.850509
48|CM|2_medio,241,238,509317861.0
77|TD|2_medio,74,74,293112105.96000004
40|CM|1_bajo,86551,42502,7464956686.0
86|CM|3_alto,3909,3734,81403810138.0
72|TD|1_bajo,4289,4127,1343143010.7998002
44|CT|1_bajo,23,23,897125.0
26|AG|2_medio,6528,6483,11791664112.819965
15|CM|1_bajo,138225,105863,35266584183.0
44|SE|2_medio,21856,20684,59868092251.770546
24|AG|1_bajo,105939,105256,17727704525.112568
11|CC|2_medio,101,90,269907588.0
51|MC|2_medio,37,34,44373253.2
83|SE|3_alto,6820,6625,599092923369.3248
48|TD|3_alto,15,15,1701599913.2694001
25|CM|3_alto,3730,2864,152163625739.0
44|CM|3_alto,108,106,2104023100.0
47|MC|1_bajo,6610,6480,383294520.673376
54|SE|2_medio,293,293,796199425.8114616
92|SE|3_alto,22710,19779,1548040375029.6682
40|AG|1_bajo,166522,165073,26026864817.46408
30|CT|2_medio,4,4,9531800.0
60|AG|1_bajo,450079,447497,43839888394.97157
40|MC|1_bajo,10704,10599,869515365.5942723
14|CM|3_alto,1817,1739,49471071415.0
56|SE|3_alto,2543,2531,129990850244.47285
73|CM|2_medio,147,147,374782893.0
53|TD|2_medio,237,237,644475515.916
54|AG|1_bajo,4311,4299,654882729.0754188
53|TD|3_alto,35,34,1522067045.5
84|CM|1_bajo,9491,2162,338432644.737
11|CM|3_alto,39,38,1062864558.0
30|SE|1_bajo,714823,623225,114141140808.73058
40|TD|1_bajo,3765,3648,773113226.9208665
86|TD|3_alto,209,209,71703680821.35
71|AG|2_medio,934,928,1901917490.758606
24|TD|2_medio,377,370,1211470228.82026
94|TD|1_bajo,395,387,107429754.38556713
55|TD|2_medio,483,483,1337331811.9401546
41|CC|1_bajo,13424,9230,3461964365.9646
39|SE|1_bajo,198539,191348,21980059604.155296
22|CM|1_bajo,3503,1997,299217219.668
85|MC|1_bajo,3470,3216,396363064.00043505
14|TD|2_medio,232,223,555369746.5509999
77|SE|2_medio,3195,3032,12126241126.444672
47|CM|3_alto,197,196,9401090351.0
20|TD|1_bajo,994,971,289761932.328968
14|SE|2_medio,24374,22324,67431163583.53923
46|TD|1_bajo,2127,2118,365217848.7932877
11|SE|1_bajo,214272,200406,31566728988.44591
13|AG|1_bajo,30578,30412,3606521888.138325
41|TD|3_alto,1317,1198,44199179020.841995
42|CM|2_medio,212653,146614,549584772973.4801
42|SE|3_alto,72663,65330,2943748013195.4126
72|TD|2_medio,2353,2308,7613061986.146981
44|CC|1_bajo,1331,1183,137381999.9063666
15|AG|1_bajo,37252,36960,7909186899.466637
78|MC|1_bajo,15065,14908,3195139642.948547
45|TD|1_bajo,415,410,116771765.27043301
10|MC|1_bajo,5770,5663,506788794.3820943
56|TD|2_medio,253,253,751889336.2915959
94|SE|2_medio,3289,2835,10674903356.350971
52|CM|3_alto,132,128,4002483480.0
60|CT|1_bajo,25,25,7168753.9350000005
43|AG|1_bajo,224416,223321,63778164037.25577
93|CM|2_medio,27713,22931,93337520541.0
44|AG|1_bajo,778837,774211,55477278989.26211
47|CT|1_bajo,9,9,150106.0
78|SE|2_medio,270235,246877,735082095963.4592
24|TD|3_alto,72,72,4011764253.2035003
90|CT|1_bajo,10,10,3794831.0
13|CC|1_bajo,35,32,2671772.83
81|SE|2_medio,42431,37930,133427722403.40994
44|TD|2_medio,346,345,914655351.7960751
76|CM|2_medio,27,27,55038462.0
70|AG|1_bajo,17199,17124,4204385146.6031165
42|CM|1_bajo,1215864,667251,260057310431.83997
13|SE|1_bajo,42243,39027,4063079142.2198777
91|TD|3_alto,216,215,26974046882.228573
30|CC|3_alto,14,14,1052187945.0
27|SE|2_medio,6494,6418,17816340028.631092
26|AG|1_bajo,135724,135149,18233846923.430923
12|SE|2_medio,33031,29404,91516431157.61917
55|SE|3_alto,2401,2398,201012234513.64862
24|CM|1_bajo,31642,18662,1774998486.9800003
54|TD|2_medio,8,8,21550204.0
52|CC|2_medio,10,10,31907920.0
53|SE|1_bajo,207677,186899,33518925924.619625
60|CM|3_alto,249,248,30500962283.0
53|AG|1_bajo,234443,232703,35606947073.024925
46|SE|3_alto,5920,5779,329910731649.7003
93|AG|2_medio,4882,4836,10218762420.057901
90|AG|1_bajo,107710,106649,36530989437.37658
14|CM|1_bajo,601536,284878,67724997049.619995
42|AG|1_bajo,966528,948171,198856925456.27655
20|MC|1_bajo,1825,1812,220463032.33162847
27|TD|3_alto,15,15,1252362552.0
45|SE|3_alto,1026,1024,51387683631.83633
91|TD|2_medio,1475,1438,4931334321.538631
72|CM|1_bajo,4302,3012,133962960.0
83|CM|2_medio,580,520,1937440505.0
49|MC|1_bajo,5508,5430,590420124.4466722
10|MC|2_medio,3,3,3212500.0
48|SE|1_bajo,50496,45332,8075361030.967283
10|TD|3_alto,60,60,2463556678.9774
60|SE|2_medio,27254,26876,80712499229.1718
56|CM|3_alto,1394,1344,29407914871.0
49|CM|3_alto,269,254,5042635606.0
53|AG|2_medio,11792,11567,20578281267.06472
55|AG|2_medio,4639,4613,8102435417.698967
14|TD|3_alto,35,34,2244445317.55
52|TD|1_bajo,2287,2172,337608024.1044954
43|TD|1_bajo,5600,5413,1032552908.9044633
50|CT|1_bajo,40,40,3732495.052
31|MC|2_medio,1,1,1237601.0
52|AG|2_medio,10673,10554,18189804058.832607
80|SE|3_alto,64385,61519,2937590387121.043
30|CM|1_bajo,73867,42409,10798971842.0
51|AG|1_bajo,180911,177405,43778068286.357285
92|SE|1_bajo,28925,23214,9566369547.36701
11|AG|2_medio,5156,5114,9029520972.689629
78|CC|3_alto,43,43,883260457.3499999
25|CM|1_bajo,23929,18269,9114850994.435
47|SE|2_medio,20572,18278,53958066958.56997
56|CT|1_bajo,12,12,6910217.0
78|MC|2_medio,30,30,57954955.0
84|SE|2_medio,13836,13651,48240219686.07051
13|SE|3_alto,313,311,8888043524.434307
93|CC|2_medio,84,84,362362028.2
51|MC|1_bajo,7055,6048,999041554.980922
41|AG|1_bajo,294803,284084,59075669352.63071
50|SE|1_bajo,1427688,987777,99175141867.5838
48|SE|2_medio,5479,4912,14270480677.467575
42|TD|1_bajo,42927,35932,11527979219.55753
80|TD|1_bajo,17929,16281,7808441578.110148
46|CM|3_alto,91,91,2483467045.0
53|CC|1_bajo,189,160,50645017.129999995
86|SE|1_bajo,38389,36615,12045594905.669096
31|CT|1_bajo,39,39,1229893.318
85|TD|2_medio,10798,10056,33913096587.538696
72|CT|2_medio,15,15,79386825.03306001
49|TD|2_medio,152,150,388378752.39
41|CM|1_bajo,52499,24874,2422966890.0
85|CM|2_medio,3542,2648,13318445598.0
26|CM|2_medio,1003,904,2426181922.0
41|TD|2_medio,10826,9055,30665583518.641678
81|CC|3_alto,17,16,895680341.326
90|CM|3_alto,5738,5037,131846638188.0
73|TD|2_medio,3342,3200,11583735316.493687
82|TD|1_bajo,4214,4055,1288758657.114082
50|CC|1_bajo,563,489,155523080.183781
86|CM|1_bajo,16647,10208,7971650911.0
39|AG|1_bajo,211266,210599,22141042929.46087
31|CC|1_bajo,347,307,46055750.36074453
49|SE|1_bajo,82815,80308,14582382474.950857
32|SE|2_medio,2281,2236,6280429654.02765
85|SE|1_bajo,787157,614840,169054545849.6812
40|SE|2_medio,25197,23981,70386339030.11652
21|CM|1_bajo,589,355,65833760.64
27|AG|2_medio,3516,3510,6468033835.296867
27|AG|1_bajo,138527,138200,12568633835.750233
81|CC|2_medio,31,31,81516414.0
31|CM|3_alto,118,111,2265471713.0
78|AG|2_medio,29688,29059,60261538403.70357
83|AG|2_medio,4237,4165,8596381992.008062
14|AG|1_bajo,452397,449745,47850677037.82797
60|SE|3_alto,3870,3864,168022244038.2255
45|TD|3_alto,23,23,781417351.25
83|CC|2_medio,245,245,774207945.941549
25|AG|2_medio,14382,14287,27131564315.93556
55|AG|1_bajo,98421,97896,13763597158.850489
94|AG|2_medio,1610,1604,3555094647.1516705
39|TD|2_medio,393,387,1139562304.4604998
11|CM|2_medio,1116,1015,2320283646.0
78|SE|1_bajo,684862,629846,185455924611.96912
15|TD|1_bajo,1559,1471,474800443.17339957
20|SE|2_medio,15446,13371,41719119744.15243
54|MC|1_bajo,266,265,24480048.30974302
46|SE|2_medio,21419,20586,65427342651.90838
30|CM|3_alto,159,155,3026507244.0
30|CC|1_bajo,824,637,221897940.31170005
80|CC|1_bajo,644,618,242932459.3832225
52|SE|1_bajo,144113,126626,19463677809.954086
49|AG|2_medio,7519,7507,13266898114.978386
48|SE|3_alto,446,439,14752592252.988258
55|TD|1_bajo,1799,1789,392369910.8808872
81|CC|1_bajo,568,511,111630042.022989
10|CC|1_bajo,25,21,2591226.34
42|CM|3_alto,15656,13802,371150908170.0
39|CM|2_medio,2006,1885,4728613881.0
72|CC|1_bajo,771,543,160043503.554472
72|CC|3_alto,28,28,1375600330.2
53|SE|2_medio,31029,29383,90628968227.76352
72|TD|3_alto,838,828,136202454781.90472
26|SE|2_medio,17165,16637,49734289961.87481
42|MC|2_medio,15,15,17989082.51834
53|CT|1_bajo,3,3,128510.0
44|CM|1_bajo,1960986,931249,56125159568.168274
47|SE|3_alto,2017,1998,88640612566.83566
42|TD|2_medio,17597,15950,55209004604.16617
32|CM|2_medio,215,204,524117026.0
81|TD|3_alto,611,600,27088706369.12626
94|AG|1_bajo,2449,2437,965025355.604456
22|CC|2_medio,4,4,12845164.0
55|CM|1_bajo,395246,262764,34673019922.93001
22|SE|3_alto,4521,4297,423965441110.01953
52|MC|1_bajo,8484,8246,636462341.1978024
22|AG|2_medio,2449,2422,4956288819.337876
25|CC|1_bajo,234,232,61270512.9144
40|TD|3_alto,113,113,3800603043.56
15|AG|2_medio,4593,4533,8071116197.220413
23|AG|2_medio,3245,3158,5761791474.43535
73|SE|2_medio,70431,60615,206740856401.36426
72|SE|1_bajo,269718,238188,69161819063.23636
82|SE|2_medio,32938,32108,97374175387.371
43|SE|2_medio,66631,62046,220389679257.39294
84|MC|1_bajo,1148,1128,116799331.02266282
32|SE|1_bajo,15438,14867,2596810797.145049
85|CC|3_alto,210,202,5173004986.0
23|CC|1_bajo,100,100,19713783.45
49|AG|1_bajo,130621,130156,20651869772.700027
22|SE|2_medio,11382,10799,39421214467.084564
71|SE|3_alto,1172,1157,60781768626.88869
46|CC|3_alto,9,9,221226286.5
71|SE|2_medio,3957,3830,12837182017.01581
93|MC|1_bajo,2208,2130,334871036.3939906
15|TD|2_medio,484,483,1542055349.9816902
54|SE|1_bajo,2311,2268,340716162.74642074
80|SE|2_medio,209610,192662,685038492076.5442
30|SE|2_medio,96955,88403,289559071799.1778
51|AG|2_medio,44359,39070,88960888539.55563
86|TD|1_bajo,2075,2051,966427837.5562831
55|CM|3_alto,495,488,12987153763.0
20|AG|2_medio,3608,3545,7550977690.517123
85|AG|2_medio,15412,13870,34263775907.334335
41|SE|1_bajo,1302742,940982,312526908855.18994
49|CM|1_bajo,169370,130050,25511318493.0
20|CM|2_medio,751,733,2780156784.0
39|CM|3_alto,126,120,3568096626.0
78|CM|2_medio,48231,28171,133017854477.0
93|TD|2_medio,1094,1014,3379250896.8510766
86|CC|2_medio,471,436,1443282393.000617
71|TD|2_medio,208,202,801830876.21
50|CM|2_medio,55737,46060,124014982533.0
81|MC|1_bajo,1699,1678,357517163.35500646
78|CM|3_alto,4721,3285,115617433532.0
70|MC|1_bajo,1608,1590,217976587.39735082
81|TD|1_bajo,3161,3096,818445959.4523916
42|TD|3_alto,3477,3201,139146435967.99612
70|TD|2_medio,261,261,809453476.0558901
93|CM|1_bajo,46520,26963,15165825341.0
80|SE|1_bajo,327839,283547,110646967372.36925
11|MC|1_bajo,12559,12337,1137761497.9500763
55|SE|2_medio,13538,13375,39929859413.038925
60|CM|1_bajo,634224,374802,40342073319.0
53|SE|3_alto,4717,4666,219112531508.79355
76|CC|3_alto,190,186,5553576724.910001
71|TD|1_bajo,378,358,134805165.918
22|TD|2_medio,373,372,1197857653.30255
12|TD|1_bajo,2634,2483,715364420.2848567
52|CC|1_bajo,56,54,14454950.0
92|CC|2_medio,519,429,2127412672.7733998
24|CC|1_bajo,125,101,19473140.060000002
45|SE|1_bajo,23122,21152,5477553400.565591
54|SE|3_alto,24,24,500785767.235
48|MC|2_medio,1,1,1068000.0
81|AG|1_bajo,24922,24782,8395959737.880433
30|MC|1_bajo,16587,16343,1943690258.2694798
40|CC|1_bajo,116,109,29198747.224
41|AG|2_medio,34478,30828,64364194202.060646
82|TD|3_alto,632,632,13861645522.247698
44|MC|1_bajo,13453,13315,664030528.7637335
26|MC|2_medio,6,6,7161528.63
43|MC|1_bajo,3223,3190,458814840.9047903
80|TD|2_medio,12308,11468,33653155476.808777
56|MC|1_bajo,2483,2420,394989078.52629143
13|TD|2_medio,64,64,209650670.458804
39|MC|2_medio,3,3,3623484.0
50|CM|1_bajo,1996449,1001852,188740529828.235
25|SE|2_medio,44661,42914,135222468733.26355
22|CM|2_medio,84,73,140698142.0
10|SE|2_medio,11428,10920,33689348316.178368
86|CC|1_bajo,555,508,209874484.97276998
25|SE|3_alto,11033,10735,889998549415.1857
94|SE|1_bajo,3684,3438,1239283152.4660804
73|CM|1_bajo,1121,980,219871466.0
43|CT|2_medio,7,7,17723542.0
43|TD|3_alto,862,847,76317852840.61221
14|MC|1_bajo,12653,12482,904628082.2611029
23|CM|1_bajo,61111,24188,3086363142.0
43|SE|3_alto,17507,16997,1161968455920.0815
43|CM|2_medio,389,344,982350683.0
60|CM|2_medio,8196,7290,18452842228.0
85|CC|1_bajo,1942,1608,443209629.49
23|AG|1_bajo,55860,55567,7701959534.936511
80|CT|3_alto,6,6,145909148.0
20|TD|2_medio,444,419,1374686854.4500003
43|CM|1_bajo,118652,62463,1603567221.2268012
15|MC|1_bajo,2572,2518,251701938.6979933
71|SE|1_bajo,15598,13296,3775923103.723227
27|CM|1_bajo,105288,42078,4522589308.0
70|TD|3_alto,169,164,20236297418.32
39|CM|1_bajo,58339,34636,6197762321.0
20|AG|1_bajo,19850,19729,4718038886.227651
93|CC|1_bajo,73,72,20177558.7
39|SE|3_alto,4525,4483,267140302954.84534
40|CT|2_medio,3,3,14657346.0
11|SE|2_medio,27012,25501,81231980955.31061
14|CT|1_bajo,26,26,4283787.0
83|AG|1_bajo,12056,11901,4117592287.7381506
22|TD|3_alto,127,125,5810091472.55
47|TD|1_bajo,1791,1763,265818156.19841984
90|SE|3_alto,10136,9935,517351732221.0477
12|CM|2_medio,553,443,1183879957.0
77|CC|1_bajo,68,62,37481656.72792201
53|CC|2_medio,47,45,147891804.42000002
86|TD|2_medio,1548,1546,4550474211.2324
22|TD|1_bajo,337,335,127667813.63399999
93|TD|1_bajo,1843,1669,569516222.3749996
41|SE|3_alto,20724,18386,1023059342186.47
72|CC|2_medio,230,221,627274578.06979
90|SE|1_bajo,173543,158176,42229248781.037445
12|CC|2_medio,480,375,1169592891.3520002
50|MC|1_bajo,47644,44951,2337900495.321432
90|CM|1_bajo,241479,121466,60388413807.96001
25|AG|1_bajo,122493,121281,32124714304.792976
46|TD|3_alto,79,79,2690140022.63
55|SE|1_bajo,140270,137162,19130451572.887646
39|CC|1_bajo,142,140,11637874.6554
31|SE|2_medio,23743,23162,65886748693.645615
49|SE|2_medio,11491,11337,33027574368.79941
71|TD|3_alto,61,59,1537813739.6958
80|AG|1_bajo,76203,75714,27913917923.50547
85|TD|3_alto,2483,2417,302509581640.5335
26|SE|1_bajo,142123,136446,21154813897.860962
78|CM|1_bajo,851731,744246,135435463206.153
42|CT|2_medio,11,11,31124172.0
85|CM|3_alto,3611,2500,872901643599.0
72|SE|3_alto,69143,68571,9520515785977.77
50|CC|2_medio,130,118,260138544.18
23|TD|2_medio,179,171,544307483.5629911
30|CT|1_bajo,31,31,4371989.0
76|SE|3_alto,38418,34705,3610671465272.0137
47|SE|1_bajo,269701,229895,30603850649.12674
41|CM|2_medio,705,648,1506790942.0
94|MC|1_bajo,189,181,54989608.4544646
56|TD|3_alto,94,94,3837185772.66
24|CM|2_medio,266,247,563493944.0
40|SE|1_bajo,241904,224009,29644743182.09055
43|CM|3_alto,39,34,1347703108.0
11|TD|3_alto,46,46,21829553239.700005
92|SE|2_medio,45438,37250,168803323451.2019
93|CC|3_alto,138,138,5180353656.041814
92|CC|1_bajo,225,176,43083807.1
54|AG|2_medio,164,164,255530567.0
60|TD|2_medio,611,605,1698058096.7903998
52|TD|3_alto,25,24,808922514.0
47|AG|2_medio,9571,9313,16057069573.84681
32|AG|2_medio,1835,1813,3378084201.437599
70|CC|2_medio,40,40,56960300.0
45|SE|2_medio,7231,7064,21568399115.544395
82|TD|2_medio,1652,1646,5672595859.002522
52|SE|3_alto,1347,1302,40262800326.94006
82|CC|3_alto,4,4,122460000.0
77|MC|1_bajo,111,79,18108978.72
13|CM|2_medio,436,376,1060172222.0
49|SE|3_alto,1279,1267,34651085443.917274
23|CM|2_medio,237,219,476018728.0
90|MC|2_medio,9,9,11314225.5
81|TD|2_medio,2229,2044,6929707320.549398
11|TD|1_bajo,985,952,157651607.21090934
50|TD|1_bajo,9708,8465,945132379.277606
48|CT|2_medio,1,1,3997000.0
70|SE|2_medio,16775,15675,61087353375.16961
80|CM|3_alto,1574,1395,33217006541.0
49|CT|2_medio,2,2,4280000.0
12|SE|1_bajo,292613,229502,46847965850.21975
82|CC|2_medio,76,75,365849841.0
41|TD|1_bajo,26584,21916,8306766239.377644
82|CM|1_bajo,58932,33746,15623219954.0
48|TD|2_medio,76,75,218354727.82813823
83|CM|1_bajo,340,260,162087341.0
31|AG|2_medio,12205,12103,22283355775.20253
90|TD|1_bajo,5174,4860,1685873956.0958335
73|SE|3_alto,8067,7086,267924277437.2476
60|CC|1_bajo,165,153,6224962.68067214
92|TD|3_alto,698,660,60863486752.82073
94|TD|2_medio,188,179,595072896.6036
60|AG|2_medio,16257,16217,29434513216.09796
32|CM|3_alto,12,12,468564090.0
26|CM|1_bajo,74900,32821,5147498182.0
70|SE|3_alto,12073,11394,1454369846824.074
56|CM|1_bajo,205664,141838,55190804678.0
71|AG|1_bajo,3867,3385,1200333493.6522918
13|SE|2_medio,2673,2581,7821946682.922369
85|TD|1_bajo,25236,22644,6801461466.531488
25|TD|1_bajo,4848,4780,1638894146.0601943
11|TD|2_medio,142,142,397327565.2
48|AG|1_bajo,49499,49185,7687984052.163038
76|CM|1_bajo,1413,1091,135651144.0
94|TD|3_alto,49,49,2096697354.0
85|CM|1_bajo,2334,1480,1331804870.0
30|CM|2_medio,4051,3491,9677620010.0
60|TD|1_bajo,4243,4140,669473399.4503317
90|CC|1_bajo,74,72,38686392.61239
12|AG|2_medio,6167,5765,11680354066.471937
81|AG|2_medio,8948,8818,19374302273.55681
53|MC|1_bajo,11337,11207,1105432379.974255
76|MC|1_bajo,1454,1355,246625280.58492255
24|AG|2_medio,6574,6461,11276298316.8147
13|AG|2_medio,1314,1304,2204790774.349057
78|CT|2_medio,5,5,14301654.620000001
84|SE|1_bajo,51390,48561,8872174196.817595
31|SE|3_alto,2435,2420,62906793459.65072
45|MC|1_bajo,1096,1092,225278415.1010281
15|CM|3_alto,1635,1540,47181868303.0
44|CC|2_medio,102,74,247793865.67000002
49|TD|3_alto,9,9,255591166.0
20|CM|1_bajo,8789,5155,672558536.0
27|SE|1_bajo,185118,173654,13043330427.109978
31|TD|2_medio,404,392,1048616086.40755
48|CC|1_bajo,27,27,3017128.0
14|CC|1_bajo,464,427,63599385.72556975
44|SE|3_alto,2042,2035,70119903937.05281
20|CC|2_medio,21,21,56094829.5
73|MC|1_bajo,2446,2407,360514611.31479037
46|AG|2_medio,9026,8879,16883386996.263863
45|TD|2_medio,100,100,262157624.37800002
46|CT|1_bajo,6,6,724283.0
73|CC|1_bajo,1123,912,316171123.189
14|SE|1_bajo,447307,399381,42645693979.33493
42|CT|1_bajo,12,12,4378481.0
80|CT|1_bajo,9,9,4229140.0
51|CC|1_bajo,6454,5240,1273542007.139058
12|CC|1_bajo,3639,1980,887043352.139
26|CC|2_medio,14,14,38864889.0
32|TD|2_medio,73,73,232153936.29863998
92|AG|1_bajo,2870,2835,1017954433.7875469
84|TD|3_alto,81,81,2382361138.1
11|AG|1_bajo,85982,85197,12692935649.365196
23|TD|3_alto,59,52,1763593539.8754103
91|SE|2_medio,30622,28345,100453863991.46698
21|AG|1_bajo,12770,12739,1698443078.1830893
82|CM|2_medio,11911,9545,30779703114.0
20|SE|1_bajo,55688,51509,10722113304.21101
46|CM|1_bajo,124506,69219,12103205810.0
73|AG|2_medio,13232,12785,26205224387.33634
27|CC|2_medio,1,1,1155600.0
91|AG|2_medio,3694,3670,7516951266.244896
45|AG|1_bajo,47310,47159,11822377380.69805
51|SE|1_bajo,911562,755693,195729691741.096
82|MC|1_bajo,8651,8402,1421492834.674281
15|SE|1_bajo,107424,99076,19161488312.133923
90|MC|1_bajo,11038,10851,2435079959.231015
43|CC|3_alto,162,149,9281046442.600426
70|SE|1_bajo,49062,40011,9690823726.004988
24|TD|1_bajo,1003,980,243132928.32036793
50|AG|2_medio,12847,12667,21961606289.69748
76|AG|1_bajo,21002,20667,5965425784.62357
91|MC|1_bajo,2570,2558,390706553.0486194
12|AG|1_bajo,143054,141791,16315649864.342102
48|TD|1_bajo,566,546,121187872.84652598
50|CM|3_alto,2261,2031,47330181325.0
85|AG|1_bajo,71528,63407,17445619527.789814
26|CM|3_alto,60,56,1378333500.0
92|TD|2_medio,1040,894,4379975095.945154
78|CC|2_medio,367,362,881903308.9490001
27|CM|3_alto,8,8,172978030.0
20|TD|3_alto,109,108,4225364369.2400002
41|CC|2_medio,2371,1688,5340260125.2924595
78|CC|1_bajo,1800,1586,516206947.25310796
15|SE|2_medio,23622,22576,70421318664.6298
82|CM|3_alto,1341,1226,52231667670.0
78|TD|3_alto,1987,1972,75301744492.50883
83|TD|2_medio,815,808,2509553163.8959103
46|CM|2_medio,2614,2498,5798305108.0
53|CM|1_bajo,181026,99857,18065844841.0
43|CC|2_medio,630,532,2146687826.252654
30|TD|1_bajo,10203,9034,2429443449.3157024
71|CC|1_bajo,5,5,1761854.4
44|SE|1_bajo,505006,470613,38669157991.93767
51|SE|2_medio,206309,165936,598683310651.9623
82|CC|1_bajo,277,277,51255740.5746
50|SE|2_medio,43035,37444,110400896589.94843
52|CM|2_medio,3132,2608,7214095718.0
14|SE|3_alto,3827,3545,751138709976.7413
51|TD|1_bajo,6748,6219,1286196715.271084
11|CC|3_alto,11,11,143579376.5
77|SE|3_alto,1732,1730,112793760554.00214
26|TD|3_alto,65,65,3104160914.0
76|CC|2_medio,700,629,2164209300.6619997
56|CM|2_medio,29980,27966,72022624552.0
72|MC|2_medio,21,21,33321340.0
80|TD|3_alto,2492,2474,98446195860.91663
13|TD|3_alto,6,6,102191019.0
42|MC|1_bajo,16459,15547,1668498876.8980796
10|CM|2_medio,625,580,1902156350.0
50|AG|1_bajo,557563,546737,47842519348.12754
84|TD|2_medio,297,295,967566266.183706
47|TD|3_alto,37,37,1829069547.6134
13|CM|3_alto,18,17,405716070.0
31|CM|2_medio,2871,2528,6250996886.0
15|TD|3_alto,103,103,11927358893.351149
43|SE|1_bajo,179535,160252,35952219083.010574
41|MC|1_bajo,6650,6211,718783630.6296132
73|SE|1_bajo,263814,223005,60449954182.37546
56|CC|2_medio,6,6,19495600.0
26|TD|2_medio,625,624,1918248579.7168503
60|CT|2_medio,6,6,27673186.0
80|CM|1_bajo,61205,40570,13644448567.529404
20|CC|1_bajo,138,130,37399586.58
44|TD|1_bajo,4407,4387,468650611.1718969
52|CT|1_bajo,9,9,910015.8065
90|TD|3_alto,291,290,13268347595.243479
84|AG|1_bajo,20403,20267,3696270386.5807443
86|CM|2_medio,34653,31545,108156519336.0
44|CM|2_medio,5239,4853,10687158536.0
39|AG|2_medio,8211,8151,15217434711.042084
14|CC|2_medio,17,17,37670782.0
77|CC|3_alto,2,2,68793028.0
44|TD|3_alto,52,52,2927282823.0
13|TD|1_bajo,282,270,46494958.2093201
73|AG|1_bajo,66221,65358,16209216727.231428
24|CC|2_medio,10,10,19136856.0
24|SE|2_medio,19915,18320,58982642425.8275
91|CC|2_medio,16,16,31809245.847999997
46|AG|1_bajo,169224,168479,23808362654.725403
27|CT|1_bajo,5,5,118028.54000000001
49|TD|1_bajo,1045,1042,225512344.37689131
90|AG|2_medio,22244,22089,40410350556.2897
39|MC|1_bajo,8394,8369,645539723.0369334
60|TD|3_alto,99,96,2215467261.5
86|SE|3_alto,6734,6463,530445524297.8648
85|SE|2_medio,202436,181419,643473944901.6091
77|TD|3_alto,21,21,998492749.0
25|CM|2_medio,4667,4367,12661840690.0
31|AG|1_bajo,505642,503102,39543790973.08252
23|TD|1_bajo,583,577,132134509.56143478
90|CM|2_medio,44773,36585,122877246491.68
23|SE|1_bajo,87383,78893,11377840309.437723
92|TD|1_bajo,660,617,245830623.83577818
82|SE|3_alto,5797,5767,358385730501.7132
73|CC|3_alto,31,28,553699093.1848
73|TD|3_alto,821,750,43665931156.23403
42|SE|1_bajo,3390012,2372788,750677204113.645
24|SE|1_bajo,118165,101425,19609152889.26953
12|CM|3_alto,9,9,155312719.0
30|TD|3_alto,631,611,34453459136.587906
92|AG|2_medio,1802,1775,4599396637.645197
40|CM|2_medio,1473,1312,3094718950.0
25|CT|1_bajo,4,4,1825169.0
53|CM|3_alto,706,700,14442584339.0
90|CC|3_alto,185,181,4683731693.547
15|SE|3_alto,3929,3764,260768382552.56332
12|MC|1_bajo,3702,3571,277102595.800324
41|CM|3_alto,22,22,377208864.0
31|MC|1_bajo,24289,24027,1057358311.3107996
72|AG|2_medio,25560,25489,53851924495.55034
78|TD|1_bajo,12543,11731,3803029710.3188224
80|MC|2_medio,18,18,24907073.28
47|CM|1_bajo,605771,233818,31617443354.96
46|SE|1_bajo,151412,140485,21812077460.625317
93|SE|3_alto,13883,13429,5423690718444.124
55|MC|1_bajo,4471,4418,466930903.19319236
86|AG|2_medio,15342,15237,29211307467.223083
15|CM|2_medio,28316,25100,72424139121.0
42|CC|3_alto,941,848,46537640962.71166
22|SE|1_bajo,19739,18911,5467257385.155855
81|CM|1_bajo,52262,41344,162928793.52790007
12|SE|3_alto,4409,4085,534420828327.83813
31|CC|2_medio,31,28,99637234.0
25|MC|2_medio,7,7,8729841.0
83|CC|1_bajo,1052,941,134808535.88825163
48|AG|2_medio,2744,2708,4791835009.56327
93|CM|3_alto,5897,5264,490167340529.0
12|CC|3_alto,73,73,1609292300.0
30|TD|2_medio,2796,2556,8805949316.669485
22|CM|3_alto,12,12,1403076118.0
80|MC|1_bajo,7867,7691,2007663045.5274353
83|SE|1_bajo,70472,61687,18021376471.345547
91|SE|3_alto,9337,9022,1000788194831.6658
47|CM|2_medio,5193,4478,11297492831.0
27|CC|1_bajo,70,68,5960463.26
52|SE|2_medio,15254,13468,40835119082.47435
26|TD|1_bajo,2017,1926,529553620.50501996
10|TD|1_bajo,1129,1099,178322003.93947202
53|CM|2_medio,8772,7952,23067603310.0
10|CM|1_bajo,21354,8165,1517593133.0
10|AG|1_bajo,84558,84049,10585739520.826172
10|SE|1_bajo,117489,102587,13476781784.2223
83|TD|3_alto,303,302,18746021816.430157
27|TD|2_medio,145,145,397543887.378
12|TD|3_alto,230,228,122511138107.45
92|CT|2_medio,2,2,8306400.0
24|SE|3_alto,3003,2960,164989638678.5798
81|SE|3_alto,15077,14599,38553923532080.74
80|CC|2_medio,492,479,1719742012.4561281
47|CC|1_bajo,447,388,57482317.8
83|CM|3_alto,228,216,5757702801.0
45|AG|2_medio,6022,5998,10478683031.889969
31|TD|1_bajo,5025,4873,566152986.1807944
60|MC|1_bajo,14302,14174,999118516.7835037
92|CC|3_alto,55,47,2992965715.189
51|TD|3_alto,1080,1015,753540165355.2601
21|CT|1_bajo,2,2,35740.0
26|CC|1_bajo,129,127,18965253.582820002
21|AG|2_medio,724,722,1305897086.6401594
76|TD|3_alto,1105,1068,196291238360.5511
81|SE|1_bajo,99379,86184,25006085676.392136
56|TD|1_bajo,1039,1017,317764670.1734665
76|TD|1_bajo,1718,1410,512610403.32083184
76|MC|2_medio,4,4,5512589.4
82|CT|1_bajo,12,12,1984200.0
81|CT|1_bajo,4,4,1051519.8
14|CC|3_alto,4,4,170810209.0
14|MC|2_medio,9,9,10803558.2
21|TD|3_alto,13,13,560781666.0
76|CT|2_medio,20,20,88486448.66319999
27|MC|2_medio,2,2,2572101.0
39|CT|1_bajo,28,28,1366019.57
85|CT|2_medio,2,2,5835000.0
46|CT|2_medio,1,1,5882328.0
41|CT|2_medio,2,2,6449000.0
49|CT|1_bajo,4,4,672491.0
15|CT|1_bajo,3,3,377943.0
15|CC|2_medio,13,13,40414580.0
24|CM|3_alto,12,12,244143920.0
10|CT|2_medio,9,7,24538200.0
40|MC|2_medio,8,8,9165164.015999999
82|CT|2_medio,2,2,15402353.0
55|CT|1_bajo,4,4,1204909.0
72|CT|3_alto,7,7,161479412.73000002
21|CM|2_medio,5,5,11961210.0
84|CM|2_medio,34,33,83612220.0
86|CT|2_medio,8,8,34853602.0
56|CT|2_medio,6,6,17989858.0
41|CT|1_bajo,6,6,162520.0
39|CC|3_alto,1,1,21807813.0
32|TD|3_alto,13,13,756052464.61
44|MC|2_medio,2,2,2219535.0
94|CC|1_bajo,4,4,375285.0
78|CT|3_alto,8,8,241193597.4
30|MC|2_medio,8,8,13884500.0
92|CT|3_alto,2,2,106515915.0
76|MC|3_alto,1,1,66799841.0
51|CM|3_alto,8,8,1384477186.0
81|CT|3_alto,1,1,37800000.0
72|CM|2_medio,6,6,11182110.0
82|CT|3_alto,1,1,30252101.0
32|CT|1_bajo,1,1,48735.0
46|CC|2_medio,16,16,51880377.0
11|CT|1_bajo,11,11,2199989.884
42|CT|3_alto,9,9,313076800.0
93|CT|2_medio,2,2,6100000.0
47|CC|2_medio,16,16,25976406.811679997
91|CC|1_bajo,56,54,16790942.5
70|CT|1_bajo,3,3,1799336.0
10|CT|1_bajo,7,6,3965188.0
51|CM|1_bajo,8,8,1644095.0
56|CC|1_bajo,9,9,1825850.0
91|MC|2_medio,1,1,1296360.0
55|CC|1_bajo,16,16,1434039.0
76|CT|3_alto,17,17,589398166.7
90|CT|2_medio,6,6,16826440.0
84|CT|3_alto,1,1,13626076.0
45|MC|2_medio,3,3,6220000.0
76|CT|1_bajo,5,5,2569885.95
82|MC|2_medio,2,2,2624000.0
81|MC|2_medio,1,1,1159664.0
53|MC|2_medio,5,5,5868501.5
85|CT|3_alto,4,4,93995000.0
94|CC|2_medio,2,2,4791000.0
39|CC|2_medio,11,11,31886227.11
80|CT|2_medio,11,11,21526208.0
45|CT|2_medio,2,2,5303925.0
22|CC|1_bajo,5,5,1227540.0
83|MC|2_medio,1,1,1057320.0
86|CT|3_alto,3,3,78072000.0
24|CT|1_bajo,2,2,296000.0
10|CC|3_alto,2,2,43802460.0
43|MC|2_medio,4,4,5031246.0
15|CC|3_alto,2,2,21344537.0
23|CT|1_bajo,4,4,105189.308
84|CM|3_alto,2,2,25160000.0
47|CT|3_alto,1,1,15126050.0
81|CT|2_medio,11,11,28535282.0
72|CT|1_bajo,5,5,1650020.5
53|CT|2_medio,2,2,6509880.0
53|CC|3_alto,16,16,437175225.0
73|MC|2_medio,3,3,3620000.0
12|MC|2_medio,1,1,1173000.0
24|MC|2_medio,2,2,2375520.0
73|CM|3_alto,4,4,75394998.0
10|CC|2_medio,2,2,10811612.0
84|CC|2_medio,9,9,35546964.68591
23|CM|3_alto,2,2,84428173.0
12|CT|1_bajo,2,2,168400.0
51|CT|3_alto,3,3,89537157.0
51|CM|2_medio,3,3,6590293.0
77|CC|2_medio,4,4,4823140.504
43|CT|1_bajo,11,11,3037651.56
90|CT|3_alto,1,1,15470000.0
56|CC|3_alto,1,1,25411200.0
60|CC|2_medio,4,4,15805160.0
51|CT|2_medio,6,6,25324960.0
32|CC|1_bajo,3,3,418773.08
92|CT|1_bajo,1,1,882352.92
94|CT|2_medio,1,1,1512600.0
39|CT|2_medio,2,2,12970462.0
49|MC|2_medio,1,1,1302521.0
23|CC|2_medio,6,6,17467373.900000002
23|CT|2_medio,2,2,15950000.0
70|CT|2_medio,2,2,3530000.0
46|MC|2_medio,3,3,3858746.0
43|CT|3_alto,2,2,76092705.0
41|MC|2_medio,4,4,4783980.0
50|MC|2_medio,2,2,3150659.664
40|CC|3_alto,1,1,16000000.0
84|CT|2_medio,1,1,3096596.0
25|CT|2_medio,2,2,10356000.0
31|CT|2_medio,2,2,3530960.0
24|CC|3_alto,1,1,11978823.5
84|MC|2_medio,1,1,1155462.0
91|CC|3_alto,1,1,10500000.0
84|CT|1_bajo,1,1,7.85
94|CT|3_alto,1,1,15031511.76
22|MC|2_medio,1,1,8085070.0
70|CT|3_alto,2,2,244209591.0
47|MC|2_medio,4,4,4499794.0
48|CC|2_medio,2,2,7027000.0
11|CT|2_medio,1,1,5617647.0
15|MC|2_medio,2,2,2312673.0
22|CT|1_bajo,1,1,92436.0
70|CC|3_alto,3,3,213988588.5
30|CT|3_alto,1,1,10932269.0
81|CM|2_medio,1,1,1407139.2
11|MC|2_medio,2,2,2527340.0
23|MC|2_medio,1,1,1234860.0
60|MC|2_medio,1,1,1003361.0
52|MC|2_medio,1,1,1021209.72
15|CT|2_medio,1,1,1286890.0
86|MC|2_medio,1,1,1200000.0
70|MC|2_medio,1,1,1000000.0
60|CT|3_alto,1,1,11500000.0
22|CT|2_medio,1,1,4320000.0
24|CT|2_medio,1,1,2604000.0
20|CT|1_bajo,1,1,755882.0
13|CC|2_medio,1,1,1873983.0
