mejor_cod,par_id,doc,onu8,n_lineas,clp,mejor_sim,mejor_nom,declarado_es_mejor,rubro_n1
80141611,ccb37090b60c27a83251,1224202 promocionales 1250207,80141605,39251,32769462727.0,0.4475139386065976,Personalización de regalos o productos promocionales,False,80
78111501,1fe5aaf3bd5edcd16f17,1165049 pasaje aereo internacional valor del pasaje 1191154,78111502,35207,92640708.34289981,0.1913289489467939,Servicios de helicóptero,False,78
14111508,b9d75c8ca60c2a7e6fc6,1006573 papel multiproposito equalit carta 75 gr 98 blancura resma de 500 hojas 1024573,14111525,34264,6869173590.0,0.24104786136192513,Papel para fax,False,14
14111817,28fc1d81299299195127,1223800 formulario 1249806,14111806,30147,26230138271.0,0.5660953700839121,Formulario de verificación de depósitos,False,14
14111508,921b3aa5d8c1ebe06a33,1006577 papel multiproposito equalit oficio blanco 75 gr albura 98 resma de 500 hojas 1024577,14111525,29136,7340821130.0,0.26169930900967914,Papel para fax,False,14
44121715,64a239b8f524eaa00f83,1007978 lapiz bic boligrafo punta media azul unidad 1025978,44121707,22114,500212188.0,0.47328518663906927,Conjunto de lápiz o bolígrafo,False,44
78111501,786a00879dfa2e6b1df9,1165028 pasaje aereo nacional valor del pasaje 1191136,78111502,19758,5113581791.0,0.1983096462091943,Servicios de helicóptero,False,78
78102204,9618e023eda80d775f25,1035111 courier nacional encomienda 50 k maximo 48 horas 1055197,78102201,15485,12133205605.0,0.28127222182912237,Servicio de courier internacional,False,78
14111508,f217226e9753b98a5d7c,1006576 papel multiproposito equalit oficio 75 gr albura 96 97 caja de 10 resmas 1024576,14111525,14885,4795852187.0,0.29371486943166325,Papel para fax,False,14
14111508,79e3069fbd03ec537f28,1006571 papel multiproposito equalit carta 75 gr albura 96 97 alcalino caja de 10 resmas 1024571,14111525,14009,3936284045.0,0.23629551887906877,Papel para fax,False,14
78102204,3c80e30566b7bf7b59a4,1035109 courier nacional valija 48 horas 1055195,78102201,12785,7538200044.0,0.36938888818283483,Servicio de courier internacional,False,78
44121715,ae98cc4c499ffdf2eb0e,1007980 lapiz bic boligrafo punta media rojo unidad 1025980,44121707,11543,159856976.0,0.546706897133875,Conjunto de lápiz o bolígrafo,False,44
78102204,451ef1fe0fdcddb09ddd,1035107 courier nacional sobre 48 horas 1 5 kg maximo 1055193,78102201,11446,6068748839.0,0.2643262466522702,Servicio de courier internacional,False,78
44121715,76dde10ada369e0dab0f,1007979 lapiz bic boligrafo punta media negro unidad 1025979,44121707,11087,187683419.0,0.48216980031952966,Conjunto de lápiz o bolígrafo,False,44
81111809,f314e22c4fd21f30487d,1138789 servicio complementario para productos de hardware instalacion de equipamiento 1160854,81111812,10955,43179708.8088,0.27173075697325366,Instalación de sistemas,False,81
14111508,66c10f6a26c66c1ab020,1108026 papel multiproposito chamex multi carta 75 gr 98 albura 500 hojas 1128026,14111525,9770,3453180442.0,0.20615927222373542,Papel para fax,False,14
44121701,07cd823a7ae0201fd7d4,1008103 lapiz paper mate pasta kilometrico 100 cristal azul unidad 1026103,44121707,9257,181928348.0,0.5601987178873713,Lápiz pasta,False,44
47131815,b3dff4932abb836d915c,976645 limpiador multiuso cif crema 750 ml unidad 991645,47131805,8744,386103351.0,0.22888414321805353,Limpiador de desagüe,False,47
14111530,35fe964d7d7f5832fa66,1223804 papel autoadhesivo 1249810,14111507,8040,5004007853.0,0.70300434259396,Notas de papel autoadhesivo,False,14
47131815,0695fb5a2e0a3972b11d,1255957 limpiador multiuso cif limpiador multiuso crema 750 g 500ml unidad 1281966,47131805,7824,355334969.0,0.2714987679996251,Limpiador de desagüe,False,47
31201512,c0b96e6779ad428b4756,1007566 cinta adhesiva offix transparente 48 x 40 m unidad 1025566,31201509,7675,115214088.0,0.8014324992567089,Cinta Transparente,False,31
14111508,c7b068e7e0d793e3f83b,1153269 papel multiproposito chamex multi oficio 75 gr 98 de blancura 500 hojas 1175887,14111525,7342,3586678808.0,0.24104786136192513,Papel para fax,False,14
78111501,a662030d89d353ca3aea,1165052 pasaje aereo internacional comision 1191157,78111502,7269,559891.4299999999,0.24599958615769169,Servicios de helicóptero,False,78
44121715,dc4dacc0cab5b0dfb5e4,1110468 lapiz bic boligrafo punta media azul 50 unidades 1130468,44121707,7235,255586754.0,0.47328518663906927,Conjunto de lápiz o bolígrafo,False,44
27111501,a3f38e0bce4bc881c348,1007732 cuchillo cartonero isofit n 80 grande con freno riel metalico unidad 1025732,27111503,6969,69638148.0,0.17642547234773906,Hojas de cuchillo,False,27
14111508,32781eca3458d1c7fe40,1006569 papel multiproposito equalit carta 75gr albura 96 97 alcalino unidad 1024569,14111525,6312,1149889534.0,0.2709808331405548,Papel para fax,False,14
31201512,97066c78ad379dcf12a6,960378 cinta de embalaje usa tape transparente 48 mm x 40 mt 977378,31201517,6241,85103085.0,0.6245671015162588,Cinta Transparente,False,31
60121205,5dd4f5498556c7ab7b9d,1007047 tempera artel 15ml 12 unidades unidad 1025047,60121202,6197,395320891.0,0.4356949362916685,Pastillas de témpera,False,60
31201522,e5ebb8dffb1332b8d9a2,1518264 cinta adhesiva 3m scotch 500 18mm x 25mt unidad 1520265,31201509,6192,154285260.0,0.8389833883681528,Cinta de transferencia adhesiva,False,31
15111507,9ee74e758962b8a17527,1155572 gas licuado normal 15 kg region metropolitana 1178572,15111510,5863,9213961567.0,0.17664499931247743,Gas ciudad,False,15
78180102,64c14e10196f63f680dd,1536584 mantencion preventiva vehiculo liviano y mediano camioneta 1538464,78180101,5700,2251234676.0,0.3728329278615947,Reparación de Transmisión,False,78
47131619,fab82e1a4b18fe7316bd,679156 trapero virutex 100 algodon simple con ojal unidad 679493,47131602,5406,133589888.0,0.3215165927566842,Cabezas de trapero,False,47
42142903,f3f6e43590edcb78218c,995337 accesorio para lentes pano limpieza microfibra 1012337,42142906,5259,48597055.0,0.2925135356205115,Marcos de lentes,False,42
31201522,4c6422c0b9eb39c0bcb0,1314348 cinta adhesiva 3m pack torre 18mm x 30 mt 1340371,31201509,5206,125736623.0,0.48224873998208967,Cinta de transferencia adhesiva,False,31
14111703,b35decc2c0067e0b0d57,975515 servilleta de papel elite cocktail blanca 24 x 24 cm 50 unidades 990515,14111705,5181,160033617.0,0.363295653668367,Toallas de papel,False,14
44121715,cc731e8c25b4f4782bec,1007975 lapiz bic boligrafo punta fina azul unidad 1025975,44121707,5035,87022495.0,0.48293808219791967,Conjunto de lápiz o bolígrafo,False,44
31201512,e63249245a324667fd7c,960372 cinta de embalaje tesa transparente 48mm x 40 mm 977372,31201517,4987,79755542.0,0.6245671015162588,Cinta Transparente,False,31
14111508,9027d55ff3fa03f2ad57,1518323 papel laser equalit fotocopia 75 gr oficio 500 hojas 5 unidades 1520324,14111506,4912,1632360150.0,0.3466513290023955,Papel para fax,False,14
60121531,30326175406160582315,1166191 lapiz grafito faber castell redondo 1205 n 2 12 unidades unidad 1192361,60121518,4859,169420266.0,0.2697851765850608,Borradores rosas de lápiz,False,60
44121701,a17a75a394740e98143e,1163814 lapiz pilot tinta gel 0 7mm super gel azul begreen unidad 1189876,44121707,4830,144143944.0,0.22315252549849765,Lápiz pasta,False,44
42311704,fa17e802a6214c9a57f5,1322895 cinta adhesiva medica 3m micropore 1535 1 2 5 cm x 9 1 m 12 unidades 1349017,42311708,4683,2729530608.0,0.30689776827359155,Dispensadores de cinta médica o quirúrgica,False,42
78102204,474862ae73ace53887e9,1035106 courier nacional sobre overnight 1 5 kg maximo 1055192,78102201,4658,2004860998.0,0.2643262466522702,Servicio de courier internacional,False,78
15111507,e5b7e9ec1fd9618f0604,1155567 gas licuado normal 15 kg viii region 1178567,15111510,4494,3727615723.0,0.17664499931247743,Gas ciudad,False,15
31201522,0588048f6c10c33ae697,1163753 cinta adhesiva sellocinta masking 48mmx40mt unidad 1189815,31201509,4351,167954344.0,0.8389833883681528,Cinta de transferencia adhesiva,False,31
90101603,c8e6947352265cbfbe7a,1114711 coffee break catering especial valor por persona 1134711,90101601,4165,1549374143.6,0.4103908783626814,Servicios de catering,False,90
15111507,b24b4d018cb126ba1998,1155542 gas licuado normal 11 kg region metropolitana 1178542,15111510,4151,2559309349.0,0.17664499931247743,Gas ciudad,False,15
31201522,f64659b04b4a0f6e9785,1163750 cinta adhesiva sellocinta masking 18mmx40mt unidad 1189812,31201509,4147,92034046.0,0.8389833883681528,Cinta de transferencia adhesiva,False,31
15111507,dfc2a41f41efecc4d0aa,1155602 gas licuado normal 45 kg region metropolitana 1178602,15111510,4077,4214954948.0,0.17664499931247743,Gas ciudad,False,15
44122002,8bad9576cedefe17143a,1137615 carpeta artel artecolor papel entretenido 26x37 16 hojas unidad 1159656,44122011,4059,141392981.0,0.39201883301574303,Protectores de hojas,False,44
60121531,aa031ab11978ad8cca2f,1008040 lapiz grafito faber castell hb n2 unidad 1026040,60121518,3876,77711222.0,0.35909560863968487,Borradores rosas de lápiz,False,60
27111501,57f21297b9c13ec9c35f,1007731 cuchillo cartonero isofit n 160 grande metalico unidad 1025731,27111503,3719,83901219.0,0.21706013865670865,Hojas de cuchillo,False,27
47131619,0759e2e19351ede6b344,1180330 trapero virutex pro algodon 50x50simple c ojal vtx unidad 1206360,47131602,3612,95337493.0,0.41150110799218376,Cabezas de trapero,False,47
31201522,b780577f0af62123d9fa,1163751 cinta adhesiva sellocinta masking 24mmx40mt unidad 1189813,31201509,3590,76837095.0,0.8389833883681528,Cinta de transferencia adhesiva,False,31
44121701,08f9f3bcd992680a842f,1008102 lapiz paper mate kilometrico 100 cristal rojo unidad 1026102,44121707,3579,46492215.0,0.47078647673564383,Lápiz pasta,False,44
47131614,8a647265cf0fa8f481a3,210745 mopa virutex limpieza algodon palo 210745,47131618,3572,122482722.0,0.3100306486043626,Abrazaderas para el equipo de limpieza,False,47
47131619,1953464c1a81576ac578,1180331 trapero virutex pro doble c ojal50x50 cm vtx 1206361,47131602,3533,121505129.0,0.3975879681402982,Cabezas de trapero,False,47
40161521,371beb51661b334cf03e,filtro de aire,40161505,3531,133822507.2057529,0.36411157265811234,Base de Filtro,False,40
50181906,94b470ab00bd8c667e47,pan corriente,50181901,3526,1699011567.5077007,0.46235301497358433,Pan en conserva,False,50
14111508,431d3bfce16a703137ef,1166383 papel laser equalit oficio 75 gramos albura 98 500 hojas 1192555,14111506,3500,946519114.0,0.3466513290023955,Papel para fax,False,14
42311704,a8ee714e676993763d17,1322899 cinta adhesiva medica 3m micropore 1535 2 5 cm x 9 1 m 6 unidades 1349021,42311708,3440,3771378592.0,0.30689776827359155,Dispensadores de cinta médica o quirúrgica,False,42
40161521,b551516730654c32ad3a,filtro de aceite,40161504,3428,76430741.52935202,0.33854654592676076,Base de Filtro,False,40
27111501,29e92f16c1b316d8a734,1108631 cuchillo cartonero isofit grande n 70 con freno unidad 1128631,27111503,3384,16733328.0,0.2115294687387147,Hojas de cuchillo,False,27
90101603,b0f0e8830cdaca01beed,1114713 coffee break catering superior valor por persona 1134713,90101601,3365,1510253413.68,0.4282206466892742,Servicios de catering,False,90
14111508,25164052a9d0f1bbd2db,1006579 papel multiproposito equalit oficio 75gr albura 90 95 unidad 1024579,14111525,3357,657916432.0,0.370109108635566,Papel para fax,False,14
44101805,e118cf321910db9951ca,1007282 calculadora basica casio mx 12 unidad 1025282,44101801,3332,122470730.0,0.45191787609895934,Cintas de calculadora,False,44
90101603,ad576edf13f75486f443,1114710 coffee break catering ejecutivo valor por persona 1134710,90101601,3290,1132828078.0,0.38706573803658656,Servicios de catering,False,90
14111508,683719312abd634a1371,1226779 papel de colores torre entretenido 9 pliegos 18 disenos unidad 1252821,14111507,3282,112621706.0,0.20933002530364017,Papel para fax,False,14
50101541,2cd916e61f1acd178589,967386 verdura congelada frutos del maipo choclo grano 2 k 8 unidades 984386,50101539,3272,172989532.0,0.1533035326987799,Champiñones,False,50
78180102,abe3e857cfe8dfd8f3b7,1536585 mantencion preventiva vehiculo liviano y mediano furgon 1538465,78180101,3264,1916762685.0,0.3728329278615947,Reparación de Transmisión,False,78
44121701,bffb576215a09e03420a,1008104 lapiz paper mate pasta kilometrico 100 cristal negro unidad 1026104,44121707,3259,52983042.0,0.5751875205467814,Lápiz pasta,False,44
44121701,18647e2fdd2d8411b7cd,1273482 lapiz paper mate kilometrico 100 0 7 punta fina azul unidad 1299483,44121707,3243,63779367.0,0.3032266954155455,Lápiz pasta,False,44
90101603,dc036cb79abd7809a87d,1114709 coffee break catering basico valor por persona 1134709,90101601,3190,1234692076.0,0.4189223375284859,Servicios de catering,False,90
42311704,d7cbbe3f117ad678ca21,1322877 cinta adhesiva medica 3m transpore 1527 1 2 5 cm x 9 1 m 12 unidades 1348999,42311708,3178,2972496705.0,0.30689776827359155,Dispensadores de cinta médica o quirúrgica,False,42
15111507,78d21e323a6f4d107bf0,1155566 gas licuado normal 15 kg vii region 1178566,15111510,3122,3716999933.0,0.17664499931247743,Gas ciudad,False,15
93151501,a376bd8bee15480ef79a,1628093 administracion beneficios de alimentacion 1630093,93151507,3110,29595294768.244274,0.2135412226931986,Servicios de administración y gestión financiera de empresas públicas,False,93
14111508,ee7a61e0f41e45e304bc,1153283 papel multiproposito chamex office oficio alcalino 98 de blancura resma 500 hojas 1175907,14111525,3088,1238668779.0,0.30299559521993574,Papel para fax,False,14
42142903,42ac841020f5b1e9cf3c,995333 accesorio para lentes sujetador tipo cordon 1012333,42142906,3062,43515941.0,0.21084468373949006,Marcos de lentes,False,42
90101603,29d325034542b60df0bc,1114712 coffee break catering premium valor por persona 1134712,90101601,3001,1100950955.0,0.5140768252005062,Servicios de catering,False,90
44121620,4e70faa0bc68564cc44f,1007097 timbre shiny s 530 sello automatico de goma 30 x 30 unidad 1025097,44121604,2987,72814747.0,0.2639781029677306,Dedo de goma,False,44
44121701,af90266518b856b18adf,1008046 lapiz faber castell pasta punta media azul unidad 1026046,44121707,2985,56204777.0,0.48795138085793033,Lápiz pasta,False,44
31201522,22ce91d0ea0237ec527e,1007576 cinta adhesiva tesa cristal 18 x 20 m unidad 1025576,31201509,2984,31440866.0,0.6739804547748256,Cinta de transferencia adhesiva,False,31
15111507,b8a2b03a5a4696d1415a,1155512 gas licuado normal 5 kg region metropolitana 1178512,15111510,2968,447317460.0,0.17664499931247743,Gas ciudad,False,15
44121701,eeb77020e5f2803d43e3,1221367 lapiz pilot tinta gel 0 5mm super gel azul unidad 1247368,44121707,2965,71357733.0,0.22315252549849765,Lápiz pasta,False,44
78180102,696a0137c09f72d9d3d7,1536580 mantencion preventiva vehiculo liviano y mediano suv 1538460,78180101,2947,1102670376.0,0.3728329278615947,Reparación de Transmisión,False,78
53131605,a5ef97287e930c04994a,977136 jabon de tocador elite liquido economico bidon 5 l unidad 992136,53131608,2886,143034984.0,0.270023458466667,Juegos de tocador,False,53
31201522,52f3b4d4bd2edc6e4623,1007569 cinta adhesiva sellofilm cristal 18x45 m unidad 1025569,31201509,2879,22913531.0,0.6739804547748256,Cinta de transferencia adhesiva,False,31
81111810,dea5db9f2927e8a46bdc,1138801 servicio complementario para productos de licencias de software instalacion de software 1160865,81111809,2856,12097025.171800002,0.2224618165203396,Codificación de software,False,81
31201522,2139b8a9f2e7ee638e04,1518261 cinta adhesiva 3m scotch 500 12mm x 25mt unidad 1520262,31201509,2856,50018467.0,0.8389833883681528,Cinta de transferencia adhesiva,False,31
53131605,cd18675e21ca455a2e12,863962 jabon de tocador dove liquido cremoso dove cream wash frasco 230 ml 874078,53131608,2854,108710063.0,0.2547825903019041,Juegos de tocador,False,53
42142903,c9bf9bd2fdea9189733f,1036085 accesorios para lentes mto opticos estuche plastico duro 1056085,42142906,2804,188940217.0,0.16639227552281535,Marcos de lentes,False,42
14111508,f1a274d0167dd32bf4f5,1153285 papel multiproposito chamex multi oficio 75 grs alcalino 98 de blancura caja 10 resmas 1175908,14111525,2730,1352904070.0,0.23629551887906877,Papel para fax,False,14
47131813,fc5094b679d5ba2c5e1a,387217 limpia pisos poett primavera 4 lt 388272,47131805,2698,145712507.0,0.3920046027597761,Limpia Pantalla,False,47
42312309,9347e4f58110e135fca5,1369920 limpiador de heridas prontosan solucion frasco 350 ml 10 unidades 1396486,42312313,2676,2007814580.0,0.2687474477700014,Sistemas de irrigación de heridas,False,42
50101543,aca89a5da05448660c76,1171336 verdura congelada frutos del maipo arvejas 2k 8 unidades caja de 16 kilos 1197384,50101539,2667,129603018.0,0.32075043776451456,Arvejas secas,False,50
60121531,0f9c6121e8d2ded145db,1007995 lapiz grafito bic n 2 hb s goma evolution unidad 1025995,60121518,2640,26729581.0,0.29894325185043663,Borradores rosas de lápiz,False,60
44121715,450763b154df892cd4d3,1007977 lapiz bic boligrafo punta fina rojo unidad 1025977,44121707,2610,36245736.0,0.5617401611596662,Conjunto de lápiz o bolígrafo,False,44
14111508,3995a07666a38bedbe5b,1153282 papel multiproposito chamex office carta 75 grs alcalino 98 de blancura resma 500 hojas 1175906,14111525,2608,879588872.0,0.24104786136192513,Papel para fax,False,14
14111606,081c322436f9a8b2c81a,1166170 papel de envolver engatel laja 600 unidad 1192340,14111601,2607,28577733.0,0.26882761658488735,Papel artístico o papel Kraft,False,14
78102204,a7f416c770d06fb000ce,1035110 courier nacional encomienda 50 k maximo overnight 1055196,78102201,2547,1389546325.0,0.28127222182912237,Servicio de courier internacional,False,78
44121701,f39c2a2c06aff117dc41,1166186 lapiz faber castell 12 colores hexagonales 2 lapiz grafito unidad 1192356,44121707,2500,265304947.0,0.46506555966291174,Lápiz pasta,False,44
90101603,9ceb8f554b384f2336d3,1114714 coffee break catering saludable valor por persona 1134714,90101601,2498,939224453.0,0.5140768252005062,Servicios de catering,False,90
60121531,bda548e80f266c953e93,1007993 lapiz grafito bic evolution hexagonal sin goma unidad 1025993,60121518,2494,27863878.0,0.23741148763875317,Borradores rosas de lápiz,False,60
15111507,5f1a0b6b4cf4fa8f7891,1155568 gas licuado normal 15 kg ix region 1178568,15111510,2453,1699686587.0,0.17664499931247743,Gas ciudad,False,15
44121701,eccf91f0c6561041e358,1007997 lapiz bic orange pasta negro punta fina unidad 1025997,44121707,2444,38366974.0,0.5090917994147518,Lápiz pasta,False,44
31201501,9d92c5d09e1b34fc3c7e,914582 cinta de embalaje scotch profesional 48 mm unidad 929582,31201517,2415,63003617.0,0.37354024855365203,Cinta de conductos,False,31
15111507,77efd6b59a3d9ba9fb2c,1155569 gas licuado normal 15 kg x region 1178569,15111510,2398,1427146565.0,0.17664499931247743,Gas ciudad,False,15
23171531,98c905033f8bd6abedaa,1257916 pistola artel silicona cuerpo plastico unidad 1283943,23171507,2379,64289155.0,0.26223916879552917,Pistola de desoldado,False,23
15111507,2d528e32aabec5984e3f,1155597 gas licuado normal 45 kg viii region 1178597,15111510,2370,1126109559.0,0.17664499931247743,Gas ciudad,False,15
42311527,63da24df0d28e2e3a3b1,1266192 aposito 3m transparente adhesivo tegaderm 1624w 6 x 7 cm 100 unidades 1292292,42311532,2368,2597086820.0,0.3075877361336415,Vendajes de película transparente,False,42
50101541,1bd26b5d0fc4703bb563,967391 verdura congelada frutos del maipo ensalada primavera 2 k 7 unidades 984391,50101539,2358,137217710.0,0.1739988580022847,Champiñones,False,50
14111508,7f90c40514ac7387f0d6,1006580 papel multiproposito equalit oficio 75gr albura 96 97 alcalino 500 hjs 1024580,14111525,2357,556806969.0,0.370109108635566,Papel para fax,False,14
15111507,b2f6ffdddeb7686cc6df,1611844 gas licuado normal 15 kg region metropolitana 1613744,15111510,2351,10321494982.0,0.17664499931247743,Gas ciudad,False,15
42311527,46fde64a56999ca5cbd0,1266184 aposito 3m transparente adhesivo tegaderm 1626w 10 x 12 cm 50 unidades 1292284,42311532,2343,2722938155.0,0.3075877361336415,Vendajes de película transparente,False,42
47131619,fd20712f3bf2f255389a,979648 trapero manos de chile doble c ojal algodon 50 x 50 994780,47131602,2329,80877834.0,0.2968980784481363,Cabezas de trapero,False,47
31201522,5730e9f52020a6ad7238,1007550 cinta adhesiva 3m cristal 500 18 x 30 unidad 1025550,31201509,2324,52905958.0,0.6739804547748256,Cinta de transferencia adhesiva,False,31
50181909,82e73ddf60c8fa0b10d0,galletas surtidas,50181905,2322,55915609.526414715,0.3851740507986733,Galletas saladas,False,50
44121701,bd57b94714362a0ea9fa,1008171 lapiz pilot pasta punta fina azul bepete unidad 1026171,44121707,2321,35778093.0,0.49861108243594965,Lápiz pasta,False,44
44111909,b243d18c051f9810fba2,1241080 borrador data zone borrador de pizarra mouse unidad 1267181,44111905,2312,39431936.0,0.1895819901698559,Kit de limpieza para pizarra y accesorios,False,44
47131815,b0e730c46ee27a674b5c,976690 limpiador multiuso poett primavera 900 cc 991690,47131805,2297,101798162.0,0.2920317049352928,Limpiador de desagüe,False,47
14111508,4bcfb18198a9b0e08d77,1521555 papel laser equalit carta 75 gr albura 98 2500 unidades 1523556,14111506,2293,666481823.0,0.3008618306101523,Papel para fax,False,14
44121701,a4dca95814aca0003ef9,1221369 lapiz pilot tinta gel 0 7mm super gel negro unidad 1247371,44121707,2271,61176609.0,0.2261687784812176,Lápiz pasta,False,44
81111810,993271f22d609c96ea95,1138802 servicio complementario para productos de licencias de software configuracion de software 1160866,81111809,2260,17406836.84,0.21002008403986733,Codificación de software,False,81
31201522,7fa10888c334fb492f1d,1007546 cinta adhesiva 3m 600 cristal 19mm x 20m unidad 1025546,31201509,2252,73415223.0,0.5135070900092721,Cinta de transferencia adhesiva,False,31
14111508,a7e271606b9a0c2d639b,1006598 papel multiproposito xerox oficio 75gr albura 90 95 resma 500 hjs 1024598,14111525,2244,674553008.0,0.370109108635566,Papel para fax,False,14
44121701,39f21fc40c99bcac2c03,1221371 lapiz pilot tinta gel 0 7mm super gel rojo unidad 1247373,44121707,2239,51215223.0,0.2467034895054104,Lápiz pasta,False,44
42161509,da91d5779bed965800d1,1400125 minicap kit hzc4226bn prog dialisis p,42161507,2222,103086974.0,0.46392804815872446,Unidades de diálisis peritoneal,False,42
44121715,f74e4d90f1ca56e92109,1110471 lapiz bic boligrafo punta media negro 50 unidades 1130471,44121707,2218,78279306.0,0.48216980031952966,Conjunto de lápiz o bolígrafo,False,44
47121806,f29bad486b227b7254bf,210348 balde virutex con escurridor plastico 14 lt 210348,47121804,2213,57755158.0,0.4968538560737492,Escurridor de trapero,False,47
24112504,d2434d25a3abf3514935,1181388 carton torre corrugado bolson unidad 1207444,24112501,2192,73795235.0,0.463148680706407,Cajas moldeadas,False,24
50101635,c97faece8381924102e3,suministro productos alimenticios frutas verduras y abarrotes conforme a cuadro de postulacion iva incluido,50101634,2187,88927362.0,0.3555536294503244,Fruta congelada,False,50
60121531,cd95bad61d4182eda461,1314070 lapiz grafito faber castell n 2 hb 1205 cuerpo redondo unidad 1340091,60121518,2186,55235542.0,0.2475999067765026,Borradores rosas de lápiz,False,60
44121715,2c14a03237e60ba5314a,1110411 lapiz bic boligrafo punta media azul 10 unidades 1130411,44121707,2176,73928034.0,0.47328518663906927,Conjunto de lápiz o bolígrafo,False,44
31201505,929349d4a4ee2290bba2,1274460 cinta adhesiva 3m doble contacto papel crepe unidad 1300460,31201509,2101,105730996.0,0.54661422188322,Cinta adhesiva de doble cara,False,31
50181906,f97a31e13b53bfaefdd6,pan de molde,50181901,2073,146734246.1170003,0.5557440102821227,Pan en conserva,False,50
14111508,e770c183b2f6d9243349,1128679 papel multiproposito chamex carta 75gr albura 96 97 caja 10 resmas 1150916,14111525,2042,756913295.0,0.23629551887906877,Papel para fax,False,14
14111508,021472f326c0fa9306a4,1339579 papel multiproposito prisa fotocopia carta 75 gramos 500 hojas resma 1365782,14111525,2033,468212862.0,0.24104786136192513,Papel para fax,False,14
50181906,5beea7279144e5325af7,pan hallulla,50181901,2022,274493920.8540331,0.661409522069688,Pan en conserva,False,50
31201615,189e8155900ce3cae1a1,1343037 adhesivo piso bekron polvo para ceramica 25 kg unidad 1369275,31201601,2020,113497975.0,0.23310265575167594,Activadores del adhesivo,False,31
50181909,a96e85b4dd531b485ad4,galletas triton,50181905,2012,24884742.492461015,0.6365955287030245,Galletas saladas,False,50
15111507,51e139ac09e408c73542,1155565 gas licuado normal 15 kg vi region 1178565,15111510,2006,1377838885.0,0.17664499931247743,Gas ciudad,False,15
31201501,7fecec8a951207d68532,960379 cinta de embalaje usa tape cafe 48 mm x 40 mt 977379,31201517,1997,25041739.0,0.35122060711014486,Cinta de conductos,False,31
53131605,f151eb4e93342831833a,809371 jabon de tocador le sancy liquido gel plus aloe vera 750 ml 813591,53131608,1984,71193908.0,0.2312879224989137,Juegos de tocador,False,53
44121701,4808c363774b3633580b,1428026 lapiz artel colores hexagonal 12 largos unidad 1430213,44121707,1979,154220790.0,0.3383987113255375,Lápiz pasta,False,44
50201706,70ed0c78872fe816086a,968486 cafe nescafe tradicion 170 gr 985486,50201709,1973,157227311.0,0.9386179529205182,Café,False,50
60121211,57504151cf649e30161c,1346506 pincel artel escolar 577 plano n 6 unidad 1372765,60121228,1971,15850241.0,0.16634098221963498,Pintura acrílica escolar,False,60
42161504,4bfc2e9c79298ca7dc19,222 0009 minicap tapa cateter pert dialisis,42161503,1970,66860017.0,0.45940939351884735,Adaptadores o abrazadoras o conectores de catéter de diálisis peritoneal,False,42
44121701,d39d28ff3272cb0fa2b4,1008159 lapiz pilot g 1 gel azul 1 0mm unidad 1026159,44121707,1964,64852968.0,0.34270727727442873,Lápiz pasta,False,44
44121715,ad4597d5acb5abbdf7dd,1007981 lapiz bic boligrafo punta media verde unidad 1025981,44121707,1963,14340431.0,0.47850732212913805,Conjunto de lápiz o bolígrafo,False,44
31201522,ee9236764e86f9e14d57,1346603 cinta adhesiva sellocinta 18x30 unidad 1372863,31201509,1959,20155361.0,0.8389833883681528,Cinta de transferencia adhesiva,False,31
14111508,7f507b24c9d8e8a4d9cc,1339577 papel multiproposito prisa fotocopia oficio 75 gramos 500 hojas resma 1365780,14111525,1957,450293520.0,0.30299559521993574,Papel para fax,False,14
42311704,9e899285b7a7dfc1d2ba,1322896 cinta adhesiva medica 3m transpore 1527 2 5 cm x 9 1 m 6 unidades 1349018,42311708,1949,2154774043.0,0.30689776827359155,Dispensadores de cinta médica o quirúrgica,False,42
44111909,91eb43e6cf0da5f97758,1007227 borrador data zone pizarra economico azul unidad 1025227,44111905,1938,32607854.0,0.2342976486613523,Kit de limpieza para pizarra y accesorios,False,44
31201512,d8a8e72481765578a870,1166405 cinta adhesiva fultons transparente 18mm x 30mt unidad 1192577,31201509,1933,21351638.0,0.8014324992567089,Cinta Transparente,False,31
44121701,f0998c9d1a7278ca3edd,lapiz grafito,44121706,1930,20353029.642495617,0.4810450102594264,Lápiz pasta,False,44
31201512,a6f70e4d308771e9936a,1640199 cinta adhesiva selloffice transparente 48mmx40m unidad 1642199,31201509,1928,38540703.0,0.801432499256709,Cinta Transparente,False,31
15111507,3403605c639cd0d1965b,1155564 gas licuado normal 15 kg v region 1178564,15111510,1927,1076692718.0,0.17664499931247743,Gas ciudad,False,15
50111511,86e51323e7e913190780,carne molida,50111510,1913,195998705.20584115,0.4151780864150352,Carne de ave o carne congelada,False,50
26111720,9521d750caec62cb421c,1172237 pila duracell bateria 9 volt 2 pack 1198249,26111705,1913,127764359.0,0.20782190205064863,Soportes de batería,False,26
31201522,791ef799786aee7666f5,1163752 cinta adhesiva sellocinta masking 36mmx40mt unidad 1189814,31201509,1910,51095916.0,0.8389833883681528,Cinta de transferencia adhesiva,False,31
44121701,d95cb30614528c5d6d89,1166196 lapiz torre scripto 12 colores unidad 1192366,44121707,1909,75543729.0,0.3527132982159511,Lápiz pasta,False,44
44121701,468b4953c20f567ab9ea,1335946 lapiz artel set scripto 12 colores unidad 1362123,44121707,1906,85323819.0,0.3527132982159511,Lápiz pasta,False,44
31201522,b007936542a3af5ff1db,1314901 cinta adhesiva sellocinta masking 12mmx40mt unidad 1340935,31201509,1903,21084960.0,0.8389833883681528,Cinta de transferencia adhesiva,False,31
14111508,d6a5fae12fd8b3993c69,1109798 papel volantin torre 50 8x76 8 cm estuche 10 hojas unidad 1129798,14111525,1899,51526758.0,0.312527611534935,Papel para fax,False,14
14111703,7caadc77257c6bcdf43f,1031809 servilleta de papel elite mesa blanca 33 x 33 cm paq 50 un 1051940,14111705,1882,87679362.0,0.3197481266874842,Toallas de papel,False,14
14111508,877c8f5127bdae9f08f8,1108025 papel multiproposito chamex multi carta 75 gr 98 albura 5000 hojas 1128025,14111525,1868,1138744937.0,0.20615927222373542,Papel para fax,False,14
78111808,48271c38746ab91c8b9b,1381500 minibus hyundai new h1 11 pasajeros valor por kilometro 1408000,78111803,1863,1203149510.0,0.4384156335364593,Arriendo de vehículos,False,78
31201522,ffdfa21739f30cc801c5,1007552 cinta adhesiva 3m cristal 12x20 m unidad 1025552,31201509,1854,39376121.0,0.6739804547748256,Cinta de transferencia adhesiva,False,31
31201522,7e961d25b7318e357b3a,1007560 cinta adhesiva 3m magica 810 19 x 25 m unidad 1025560,31201509,1842,130852934.0,0.8389833883681528,Cinta de transferencia adhesiva,False,31
47131813,f07ef5a68abb2a8ce995,1214387 limpia pisos poett aroma primavera 900cc unidad 1239887,47131805,1823,74050036.0,0.3920046027597761,Limpia Pantalla,False,47
60121153,56c80c2a7b29a3f782fb,1007066 block de apuntes auca carta matematicas 7mm empastado 80 hojas unidad 1025066,60121109,1806,37329396.0,0.2214632696480301,Hojas de transferencia,False,60
47131815,37662260cb3735dccb59,976644 limpiador multiuso cif bano 500 cc unidad 991644,47131805,1804,90602634.0,0.2652133315308905,Limpiador de desagüe,False,47
50201706,a47588d8f757868846b6,1028606 cafe nescafe tradicion stick 1 8 gr 96 unidades 1048899,50201709,1778,161244431.0,0.9386179529205182,Café,False,50
31201522,49c34fe45053c35fb8bb,1007551 cinta adhesiva 3m cristal 600 18x20m unidad 1025551,31201509,1777,62852924.0,0.5135070900092721,Cinta de transferencia adhesiva,False,31
44121620,f68341b99558954c5683,1007093 timbre shiny r 542 sello de goma automatico 40mm unidad 1025093,44121604,1767,44719013.0,0.2639781029677306,Dedo de goma,False,44
15111507,0c53d31ec972167f39d2,1611828 gas licuado normal 11 kg region metropolitana 1613728,15111510,1734,3114466582.0,0.17664499931247743,Gas ciudad,False,15
42142903,2570edc1063cea738406,995335 accesorio para lentes funda pvc 1012335,42142906,1733,44943093.0,0.15818736409336628,Marcos de lentes,False,42
14111508,0b51e40c781a476c8c75,1108880 papel multiproposito equalit oficio 75 gr 5000 hojas 1128880,14111525,1732,548002782.0,0.30299559521993574,Papel para fax,False,14
27111501,d0868dcc9fa2328793d6,1007730 cuchillo cartonero fultons grande f presion unidad 1025730,27111503,1729,12816570.0,0.22651888729976005,Hojas de cuchillo,False,27
44121715,035fd959c275fc4e404b,1008179 lapiz pilot vball boligrafo grip broad azul 1 0 unidad 1026179,44121707,1697,69790461.0,0.5864643105282876,Conjunto de lápiz o bolígrafo,False,44
44121701,05dcf386329cd2fa3f25,1166198 lapiz torre scripto jumbo 12 colores unidad 1192368,44121707,1696,148640387.0,0.3527132982159511,Lápiz pasta,False,44
60121211,6d9eae410e96d7265dff,1346507 pincel artel escolar 577 plano n 8 unidad 1372766,60121228,1696,17143872.0,0.16634098221963498,Pintura acrílica escolar,False,60
14111508,0878d449fd1a948888ee,1137195 papel multiproposito xerox carta 75gr albura 90 95 500 hjs 1159200,14111525,1691,473777849.0,0.2709808331405548,Papel para fax,False,14
47131614,3b9fcf729e6ab4f8c138,981274 escobilla de limpieza cmd wc con base unidad 996734,47131605,1689,29602523.0,0.21304208327515284,Abrazaderas para el equipo de limpieza,False,47
14111606,b4092d79ab402dfe1b79,1006509 papel de envolver edipac kraft 60gr 80 x 100 cm unidad 1024509,14111601,1668,17866453.0,0.512793232148089,Papel artístico o papel Kraft,False,14
42311704,2a21527e7fe74967cd50,1266379 cinta esterilizacion 3m comply integrador vapor 100 unidades 1292479,42311708,1666,765391220.0,0.17569490756163628,Dispensadores de cinta médica o quirúrgica,False,42
40161521,d73e05cb1ae31486f54c,filtro de combustible,40161513,1664,71655156.27551483,0.336684203546087,Base de Filtro,False,40
42152453,d530e325d78b62935019,1267513 vidrio ionomero 3m kit ketac molar easymix restauracion de autocurado a3 unidad 1293613,42152423,1651,446384031.0,0.3912590161407612,Compuestos de restauración dental,False,42
47131619,9edfed2fe57ca8b9fb0e,976137 trapero virutex doble con ojal de algodon 47 x 50 cm 991137,47131602,1639,111537045.0,0.34373831197041,Cabezas de trapero,False,47
42141503,e551806d142b4adfb83b,1345961 algodon cranberry torula 0 5 gr 100 unidades 1372216,42141501,1639,457290796.0,0.6366680216614866,Paños de preparación para piel,False,42
44121701,0f32f0fa086cdffe103c,1008176 lapiz pilot g 1 roller ball azul 0 5 unidad 1026176,44121707,1635,42867651.0,0.39618119814838665,Lápiz pasta,False,44
47131619,fdd3563e88c5589096c7,1255956 trapero virutex algodon doble ojal 50 x 50 cm 1281965,47131602,1635,106212952.0,0.34373831197041,Cabezas de trapero,False,47
50131607,34a20c6cfd06660f01bf,966047 huevo agrovial blanco extra bandeja 30 unidades 983047,50131606,1634,115805265.0,0.2538305443368971,Sustitutos de huevo,False,50
44121701,310b427298a48600b1a0,1008061 lapiz faber castell fiesta 12 colores unidad 1026061,44121707,1610,84678424.0,0.44361198427598264,Lápiz pasta,False,44
14111703,5cfdab49201276865a7f,975518 servilleta de papel elite cocktail blancas 24 x 24 cm 24 paquetes de 120 unidades 990518,14111705,1609,109394020.0,0.31118051987397516,Toallas de papel,False,14
11121607,4a9e35b8ac1e923d8a0e,982369 madera verde dimensionada madera sodimac pino dim verde 2x2 3 20 mt 997889,11121604,1601,143471960.0,0.30239569369940433,Pulpa de madera,False,11
60121211,cb9ceeb2519916e17d95,1346504 pincel artel escolar 577 plano n 4 unidad 1372763,60121228,1592,12577921.0,0.16634098221963498,Pintura acrílica escolar,False,60
44121701,5b8ee42f1e5835442f0d,1008151 lapiz pilot frixion ball 0 7 mm azul unidad 1026151,44121707,1586,71132189.0,0.39618119814838665,Lápiz pasta,False,44
14111537,0f5aafbf33d4e197dba1,1223787 etiquetas 1249792,14111530,1584,977582939.0,0.3579787776491955,Papel de etiquetas,False,14
15111507,de68e85e3954fd3ae89c,1611839 gas licuado normal 15 kg viii region 1613739,15111510,1577,3460345385.0,0.17664499931247743,Gas ciudad,False,15
44121715,fe0268f4922fe0253016,1108129 lapiz bic boligrafo punta media rojo 50 unidades 1128129,44121707,1576,60620152.0,0.546706897133875,Conjunto de lápiz o bolígrafo,False,44
