_id,onu8,en_catalogo,sim_declarado,rank_declarado,nivel_acuerdo_top1,top1_cod,top1_nom,top1_sim,top2_cod,top2_sim,top3_cod,top3_sim,rubro_n1,tipo_oc,tramo,anio,texto,producto_generico
000001ca85b8fd17,47121701,True,0.08,385.0,ninguno,53103001,Camisetas de caballero,0.31,78131701,0.271,78131804,0.27,47,CM,1_bajo,2019,1233691 bolsa de almacenaje live camiseta blanca 40x50x0 12 micras 100 unidades 1259766 1233691 bolsa de almacenaje live camiseta blanca 40x50x0 12 micras 100 unidades codigo region vii monto por unid,bolsas de basura
000003b82edcf3a4,15121501,True,0.18,27.0,ninguno,12181602,Aceites naturales,0.332,12181601,0.328,26101725,0.288,15,SE,1_bajo,2017,cambio de aceite segun ot adjunto n 104,aceite de motor
000003d4aee73c18,53102504,True,0.146,26.0,ninguno,47111502,Lavadoras tipo lavandería,0.296,47111501,0.269,91111502,0.264,53,CM,1_bajo,2019,1356945 guantes virutex creativa bano y lavanderia talla m unidad 1383415 1356945 guantes virutex creativa bano y lavanderia talla m unidad codigo 6112732125 region rm monto por unidad a pagar por des,guantes o manoplas
000003fb9a1a7ce4,10151521,True,0.275,23.0,ninguno,60101604,Soportes para certificados,0.35,60101603,0.347,60101601,0.345,10,AG,1_bajo,2025,sobre semillas de pimenton rojo certificados,semillas o almacigos de pimienta dulce
0000041365e42bdd,51151812,True,0.175,10.0,N1,51241112,Metipranolol,0.231,31181512,0.197,40161802,0.187,51,SE,1_bajo,2023,5551970 100001216 propranolol 10 mg comprimido 273865 propranolol bioequivalente comprimidos 10mg caja x 20 comp lab mintlab reg f 13795 princ activo prorpanolol se adjunta ficha tecnica se adjunta ca,clorhidrato de propanolol
000004c93a2ebcb0,83102001,True,0.314,1.0,hoja,83102001,Servicios funerarios,0.314,42262102,0.253,42262104,0.252,83,SE,1_bajo,2024,la i municipalidad de bulnes ha dispuesto la licitacion publica para la contratacion de suministro aporte urnas grabadas y o servicio funerario bulnes segun demanda casos sociales comuna de bulnes de ,servicios funerarios
00000537747803ae,50202303,True,0.0,7531.0,ninguno,46111501,Granadas,0.312,46111502,0.224,46111503,0.2,50,SE,1_bajo,2018,granadina mitjans granadina mitjans,jugos y nectar concentrados
0000065f8d481c80,50192109,True,0.065,64.0,ninguno,70111711,Servicios de sembradío de ramitas,0.246,50193202,0.234,10161905,0.224,50,AG,1_bajo,2024,ramitas saladas evercrips original 230 gr ramitas saladas evercrips,papas fritas o galletas tostadas
0000067176c98f3c,80111613,True,0.024,10458.0,ninguno,42152607,Anillas para instrumental odontológico,0.331,42152606,0.321,42152605,0.301,80,SE,2_medio,2019,protesis dentales acrilicas programa odontologico integral 2019 ponente n 2 mas sonrisas para chile segun especificaciones tecnicas,mano de obra temporal
000006beef0d9d02,90151803,True,0.126,136.0,ninguno,86141502,Servicios de orientación de cooperación universitaria,0.277,80141612,0.249,80141603,0.243,90,SE,2_medio,2019,feria itinerante mundo tes servicio de participacion en feria itinerante mundo tes en el marco de actividades de muestra universitaria orientadas a potenciales postulantes y que desarrolla el area de ,construccion o creacion de stands de feria
0000073f9b97c126,44121802,True,0.379,1.0,hoja,44121802,Líquido corrector,0.379,44121801,0.266,44121806,0.24,44,CM,1_bajo,2020,1007693 corrector liquid paper lapiz 7ml unidad 1025693 1007693 corrector liquid paper lapiz 7ml unidad codigo region vii monto por unidad a pagar por despacho 0,liquido corrector
00000750e78ebe72,42201506,True,0.182,56.0,N1,42142609,Jeringas médicas con aguja,0.348,42142615,0.341,42142605,0.338,42,SE,1_bajo,2025,conector baja presion para jeringa de medio de contraste conector baja presion para jeringa de medio de contraste,inyectores de agentes de contraste de tomografia i
0000096eab06c083,14121809,True,0.349,1.0,hoja,14121809,Papel de enmascaramiento,0.349,60122801,0.289,31201519,0.229,14,SE,1_bajo,2022,cinta masking tape enmascarar,papel de enmascaramiento
00000a241c621290,30201902,True,0.031,3048.0,ninguno,41106511,Kits para la extracción de proteínas de bacterias,0.189,41106512,0.188,41115823,0.186,30,AG,2_medio,2025,0010005811 test deteccion prematura membrana rota proteina pamg i despacho parcializado adjuntar ficha tecnica,unidades de laboratorio
00000a885788942b,42131606,True,0.243,6.0,ninguno,60122801,Formas de máscaras,0.292,42131707,0.269,42271708,0.252,42,AG,1_bajo,2021,mascarillas 3 pliegues cj x50 7290474 mascarilla adioffice 3p desechable 50 un,mascarillas de aislamiento o quirofano para el per
00000add1459c7bd,42142902,True,0.063,408.0,ninguno,26111535,Tornillos esféricos o conjuntos de tornillos esféricos,0.221,30171707,0.21,41102706,0.201,42,CM,1_bajo,2020,1036582 cristal pincus organico lente tramo 1 esferico 02 00 1056582 1036582 cristal pincus organico lente tramo 1 esferico 02 00 codigo region rm monto por unidad a pagar por despacho 0,lentes de gafas o anteojos
00000ba06eef3d68,49221509,True,0.292,1.0,hoja,49221509,Patines de ruedas o patines en línea,0.292,11101705,0.239,12141702,0.225,49,AG,1_bajo,2023,patines profesionales euroroller aluminio talla 35,patines de ruedas o patines en linea
00000bab13ea8cd7,41115808,True,0.034,4954.0,N1,41102905,Aparatos de coloración histológica,0.297,41102915,0.27,41102921,0.253,41,SE,1_bajo,2026,241 0191 cassette inclusion histologico con tapa cassette para inclusion histologico color blanco con tapa que asegure cierre hermetico se requiere entrega de muestra cassettes histologicos con angulo,accesorios o suministros de analizadores quimicos
00000c07154c3954,41116011,True,0.001,14002.0,N1,41105301,Cajas de gel,0.159,41105339,0.156,23201202,0.155,41,SE,2_medio,2023,ggt gamaglutamiltransferasa caja 250 det ggt gamaglutamiltransferasa caja 250 det,reactivos de analizadores microbiologicos
00000c7ed221a10e,50202304,True,0.194,6.0,ninguno,24122001,Botellas para apretar,0.234,24122002,0.233,24122005,0.229,50,CM,1_bajo,2019,1443769 jugo liquido watt s nectar naranja botella 1 5 l unidad v region 1445769 1443769 jugo liquido watt s nectar naranja botella 1 5 l unidad v region codigo region v monto por unidad a pagar por d,jugo estable fuera de la nevera
00000ca5b4ac781d,26121517,True,0.294,10.0,N3,26121520,Alambre de cobre-acero (1% cobre),0.439,11111501,0.391,11111503,0.365,26,SE,1_bajo,2024,alambre de cobre eva tierra 2 5 mm2 alambre de cobre eva tierra 2 5 mm2,hilo de cobre
00000d8975604226,90111801,True,0.029,6369.0,ninguno,42171903,Cajas de medicamentos de servicios médicos de urgencia,0.326,42171901,0.324,42171910,0.317,90,SE,1_bajo,2023,servicio de hospedaje para medico que cubre turno de urgencia en melinka segun cotizacion del 24 10 2023 servicio de hospedaje para medico que cubre turno de urgencia en melinka segun cotizacion del 2,habitacion sencilla
00000dfb55b66642,43212110,True,0.366,1.0,hoja,43212110,Impresoras multifunción o multifuncionales,0.366,44101724,0.254,80131503,0.237,43,SE,1_bajo,2022,servicio de arriendo por 3 impresoras multifuncion correspondiente al periodo proporcional del mes de noviembre desde 01 11 2022 al 30 11 2022 copias contabilizadas 10 441 servicio de arriendo por 3 i,impresoras multifuncion o multifuncionales
00000f7a5400cefc,85121902,True,0.009,8525.0,ninguno,51121733,Valsartan,0.371,80151502,0.197,80151503,0.194,85,SE,1_bajo,2023,valsartan 80mg 30 compr o envase comercial se evaluara proporcional a valor compr vlsr0080comp be valsartan 80mg x 30comp venc 03 2024,farmacias
00000fb8d12443b2,78111502,True,0.095,58.0,ninguno,14111801,Tickets o rollos de tickets,0.181,41111713,0.131,41111707,0.128,78,CM,1_bajo,2019,pasaje adulto lopez morales barbara rut 143770575 pnr fwajxx ticket 0452106032203 ruta santiago de chile concepcion santiago de chile observacion scl ccp aug 22 2019 ida 22 08 2019 regreso 23 08 2019,pasajes aereos
00000ffb90686d56,40141702,True,0.003,11337.0,ninguno,27111716,Llave Torx,0.303,27111720,0.293,27111706,0.276,40,SE,1_bajo,2019,llave de paso soldar 3 4 llave de paso soldar 3 4,grifos
0000130666ad66b7,76101501,True,0.017,2303.0,ninguno,60105907,"Materiales educativos sobre el embarazo, desde la concepción hasta el parto",0.208,83121605,0.185,83121604,0.177,76,TD,2_medio,2025,de lunes a viernes desde las 16 00 hrs en adelante desde el 15 10 2025 hasta 30 11 2025,servicios de saneamiento de aseos
00001363960cf474,92121703,True,0.096,234.0,ninguno,84131509,Seguros para proyecto,0.259,84131510,0.197,84131513,0.196,92,SE,3_alto,2020,proyecto rnsp 19 ac 0001 en san felipe barrios mas organizados barrios mas seguros se oferta todo lo solicitado en eett,alarmas
00001396f442567c,31211904,True,0.193,11.0,ninguno,50201706,Café,0.371,50201707,0.306,50201708,0.305,31,SE,1_bajo,2017,brocha don telo m cafe wesser 1 2 x 2 brocha don telo m cafe wesser 1 2 x 2,brochas
000014eaabd2a4bc,40151728,True,0.284,4.0,ninguno,39121402,Enchufes eléctricos,0.31,72102305,0.302,72102302,0.298,40,SE,2_medio,2023,mejoramientos sistema electrico instalacion de focos soldar bombillas estanque enchufes industriales reparacion sistema de griferia bomba agua soporte aire acondicionado mejoramientos sistema electric,kits de reparacion de bombas
00001526475172ae,76111501,True,0.08,981.0,ninguno,93142101,Servicios de planificación de desarrollo regional,0.234,25174201,0.217,25174202,0.211,76,SE,2_medio,2018,servicio aseo dependencias direccion regional y cais punta arenas de marzo a diciembre 2018,servicios de limpieza de edificios
0000155dc95f0277,55121731,True,0.135,327.0,ninguno,31201611,Adhesivos de láminas,0.336,44121708,0.296,31201615,0.292,55,AG,1_bajo,2022,marcador instrumental en lamina adhesivo color verde t 120 03 green,marcadores de identificacion
000015f8967fdb50,60123001,True,0.233,1.0,hoja,60123001,Figuras de goma Eva,0.233,60124406,0.178,60121142,0.158,60,CM,1_bajo,2018,1007915 goma eva artel glitter laminas de 210x297 6 unidades 1025915 1007915 goma eva artel glitter laminas de 210x297 6 unidades codigo region vii monto por unidad a pagar por despacho 77,figuras goma eva
000016d4d364f599,30201903,True,0.061,575.0,ninguno,20131308,Pozo petrolero estándar cemento fino tipo III,0.15,60111207,0.139,60111208,0.135,30,SE,1_bajo,2022,nitinol arco clasico inferior 016 preformado aleacion con memoria de forma tipo 3m orthoform iii ovoide arcos niti clasico inf 016 of iii 10 uds unitek unitek 4296 520 marca unitek usa ficha adjunta e,unidades dentales
000017fccd40a8c4,72102304,True,0.029,6919.0,ninguno,40151510,Bombas de agua,0.313,40151721,0.299,40151519,0.294,72,SE,2_medio,2018,compra 03 bomba impulsora ajustes materiales varios instalacion de bombas limpieza estanque agua potable sanitizacion estanques agua potable liceo c 21 compra 03 bomba impulsora ajustes materiales var,mantenimiento o reparacion de sistemas de fontaner
0000188bdf936f2a,53102701,True,0.03,3533.0,ninguno,31162811,Cuello del eje,0.167,53102519,0.162,42241803,0.136,53,CM,2_medio,2017,1514967 tenida de combate el tio polera cuello polo blanca media manga talla m unidad 1516968 1514967 tenida de combate el tio polera cuello polo blanca media manga talla m unidad codigo region rm mon,uniformes militares
00001c19e75521a7,43232407,True,0.005,10699.0,N2,43231512,Software de gestión de licencias,0.188,80141618,0.183,80141616,0.154,43,SE,2_medio,2023,autocad full including specialized toolsets licencias por 1 ano autocad full including specialized toolsets licencias por 1 ano,software de arquitectura del sistema y analisis de requisitos
00001ce3f2ac4901,52141502,True,0.33,3.0,ninguno,41104507,Hornos microondas de laboratorio,0.367,48101516,0.34,52141502,0.33,52,AG,1_bajo,2024,microondas se adjuntan las caracteristica horno microondas 30 litros digital ursus trotter eleganz930,hornos microondas domesticos
00001d173d693822,78180301,True,0.14,422.0,ninguno,15101505,Diesel,0.281,83101602,0.265,71131403,0.256,78,CM,3_alto,2018,1017920 estaciones de servicio eds petroleo diesel litro 1037947 1017920 estaciones de servicio eds petroleo diesel litro codigo region rm monto por unidad a pagar por despacho 0 ajuste de sencillo 1 ,bencineras o bombas de bencina
00001d46cbca7f31,24121802,True,0.01,9124.0,ninguno,60101319,Tarjetas didácticas de equivalencia,0.212,60105612,0.199,14111807,0.164,24,AG,1_bajo,2026,craquelador de 2 pasos createx ocre o equivalente,latas de pintura o barniz
00001d6a074feea5,41121510,True,0.217,2.0,N2,41121609,Puntas de pipeta de volumen variable,0.25,41121510,0.217,41121606,0.206,41,AG,1_bajo,2022,pipeta volum a 1 ml 1 marca hbg boe orden de compra generada por invitacion a compra agil 5626 528 cot22 cotizacion n 75 388,pipetas volumetricas
00002031b21697da,25191513,True,0.111,752.0,ninguno,78180102,Reparación de Transmisión,0.483,78180103,0.457,25173812,0.36,25,SE,1_bajo,2022,servicio de 40 000 km y mantencion transmision movil n 68 mbc n 1099 ctz 86069 servicio de 40 000 km y mantencion transmision movil n 68 mbc n 1099 ctz 86069,kit de mantenimiento de vehiculo de soporte en tie
000020fbcc27ca93,41116004,True,0.262,100.0,N1,41104201,Reactivos para depuración del agua,0.385,41105317,0.358,41122409,0.342,41,SE,3_alto,2018,reactivos para laboratorio segun listado adjunto reactivos para laboratorio segun listado adjunto,reactivos de analizadores quimicos
00002133671f2a7c,44102202,True,0.059,784.0,ninguno,47131612,Gomas de repuesto,0.155,40151722,0.154,42151601,0.154,44,SE,1_bajo,2021,repuesto para equipo scanner brilliance ct 16 slice marca philips serie 6258 segun cotizacion n q 00335507 repuesto para equipo scanner brilliance ct 16 slice marca philips serie 6258 segun cotizacion,alimentadores de documentos de escaner
000021d26a3bf2e6,81141604,True,0.153,180.0,ninguno,78111802,"Servicios de autobuses regulares, recorridos fijos o servicios programados",0.39,78102102,0.359,78101803,0.343,81,SE,2_medio,2025,servicio transporte recorrido 6 desde el prado servicio transporte recorrido 6 desde el prado,servicios de transporte
0000257fd52de9aa,51181827,True,0.443,1.0,hoja,51181827,Acetato de medroxiprogesterona,0.443,51181826,0.313,51181816,0.226,51,SE,3_alto,2025,medroxiprog 150mg 1ml susp iny jrp fam 100001007 medroxiprogesterona acetato suspension inyectable 150 mg 1mlmedroxiprogesterona acetato estuche de cartulina impreso yo etiquetado debidamente sellado ,acetato de medroxiprogesterona
000025bf627336fc,72131702,True,0.042,6905.0,ninguno,90101503,Establecimientos de comida rápida,0.29,60105421,0.259,90151901,0.247,72,SE,3_alto,2025,conservacion de ap y as diversos establecimientos educacionales puerto octay se oferta la conservacion y mejoramiento de diversos establecimientos educacionales de la comuna de puerto octay todo lo an,construccion de obras civiles
00002661353e0afa,82121902,True,0.136,112.0,ninguno,12171603,Negro de carbón,0.266,82121701,0.228,45131502,0.208,82,AG,1_bajo,2022,espiral plastico negro 20mm para 165 hojas,encuadernacion espiral
000026e3ab1de3ed,14111507,True,0.006,13804.0,ninguno,44101806,Cintas de caja registradora,0.162,31261504,0.146,44121511,0.145,14,AG,1_bajo,2022,resmas oficio caja de 12 und adjuntar cotizacion,papel para fotocopiadora o impresora
000026e939ecc209,78111808,True,0.015,13238.0,ninguno,86141602,Federaciones de estudiantes,0.251,86141601,0.24,86141603,0.192,78,SE,2_medio,2022,servicio de traslado mediante minibus de estudiantes sala kinesica escuela antonio tirado lana segun memo n 295 del 08 08 2022 bitacora adjunta mes de junio 2022 maria eliana jofre araya rut 12 770 76,arriendo de vehiculos
0000278d01b7be67,70141507,True,0.387,2.0,ninguno,73131903,Servicios de elaboración de azúcar o productos de azúcar,0.502,70141507,0.387,50161814,0.336,70,SE,1_bajo,2023,kilo azucar iansa kilo azucar iansa,produccion de remolacha azucarera y cana de azucar
0000279c7e95ea13,42311505,True,0.019,10945.0,ninguno,12163602,Inhibidores de corrosión de producción de gas,0.243,12163601,0.237,51151506,0.236,42,SE,2_medio,2026,225 0257 aposito inhibidor de metaloproteasa 6 x 6 cm 225 0257 536553 3m promogan prisma aposito de matriz equilibrante inhibidor de proteasas con colageno y plata 28cm ref ps2028 caja por 10 unidades,vendas o vendajes para uso general
000029979d4504c0,60141006,True,0.002,11141.0,ninguno,45121619,Carteras para fotografías de tamaño reducido,0.454,45121621,0.449,82131604,0.435,60,AG,1_bajo,2025,fotografico 100 hojas tamano a4,juguetes didacticos
00002cc0d6b35566,85121609,True,0.008,6233.0,ninguno,42295128,Instrumentos quirúrgicos maxilofaciales o accesorios,0.328,42152431,0.321,42294207,0.307,85,AG,1_bajo,2025,671023 hoja sierra reciprocante larga maxilofacia,servicios quirurgicos
00002cfa43ab5abc,42301503,True,0.037,10301.0,ninguno,43212002,Soportes para monitor,0.217,41115304,0.185,80141616,0.182,42,AG,2_medio,2025,2 kits adulto de rcp 4 torsos con monitor de retroalimentacion incluye sensores de profundidad y frecuencia contador de compresiones app monitor o display integrado consumibles iniciales manual en esp,material auxiliar de formacion para reanimacion cardiopulmonar cpr
00002dbfdbcb76fa,80141607,True,0.146,273.0,ninguno,93111607,Servicios de análisis de elecciones,0.286,93111608,0.286,93111602,0.281,80,SE,3_alto,2023,servicios de produccion para la participacion de la delegacion nacional en el mercado de las industrias culturales mica en buenos aires argentina 2023 segun rex aprueba contrato n 943,produccion de eventos
00002e26d9ba9ab8,42131612,True,0.132,296.0,N2,42132103,Protege sábanas impermeables para pacientes,0.285,46181525,0.236,42191704,0.213,42,CC,1_bajo,2021,batas desechables impermeables segun adjudica licitacion publica id 1122317 5 lr21 para la compra coordinada para el suministro de insumos basicos elementos de proteccion personal y dispositivos medic,batas de aislamiento o cobertura para el personal
00002fee75116c24,80141611,True,0.026,4565.0,ninguno,45101808,Encuadernadoras térmicas,0.205,82121902,0.203,14111531,0.196,80,AG,1_bajo,2026,cuaderno a5 bamboo segun especificaciones tecnicas adjuntas,personalizacion de regalos o productos promocionales
000031045495cffb,80161504,True,0.217,6.0,N1,80111601,Personal administrativo temporal,0.289,80111706,0.279,85101705,0.236,80,SE,1_bajo,2025,personal administrativo unidad de dental horario diurno cuota 1 2 mes agosto 2025 personal administrativo unidad de dental horario diurno cuota 1 2 mes agosto 2025,servicios administrativos
0000315043b3b599,78111803,True,0.045,4406.0,ninguno,30181515,Estanque del WC,0.198,30181514,0.191,94111702,0.186,78,SE,1_bajo,2021,servicio de traslado para usuarios covid19 de residencias sanitarias para casos positivos contacto estrecho casos sospechosos y probables tarifa para tramo coyhaique nirehuao coyhaique periodo del 01 ,servicios de autobuses contratados
000037801e4f3867,60131304,True,0.288,1.0,hoja,60131304,Violines,0.288,31151509,0.266,31151507,0.263,60,SE,1_bajo,2024,cuerdas violin 4 4 new formula tonica pirastro cuerdas violin 4 4 new formula tonica pirastro,violines
000037d8ccfeb4db,48101901,True,0.001,14760.0,ninguno,42152437,Dientes de porcelana,0.388,70141507,0.295,73121801,0.266,48,AG,1_bajo,2022,azucarero con tapa porcelana blanco azucarero con tapa porcelana blanco,vajillas de servicio
00003b4ca1fb54a4,56101501,True,0.0,16028.0,ninguno,31321102,Conjuntos unidos de acero al carbono en barras,0.386,31321702,0.362,31321302,0.347,56,SE,1_bajo,2019,barra fibra carbono d 11 l150 n material 394 820 barra fibra carbono d 11 l150 n material 394 820,soportes
00003b804887e6f4,71161202,True,0.162,14.0,ninguno,80131503,Arriendo de tierras,0.287,83111905,0.28,80131501,0.277,71,SE,1_bajo,2026,febrero 2026 871ixy2737 871izn0258 871tszf428 871izn0284 arriendo mensual radio portatil dgp8550e o similar,servicios de operaciones de arriendo
00003e782722aab3,32101527,True,0.002,14786.0,ninguno,13111307,Espuma de goma,0.357,13111303,0.341,13111302,0.332,32,AG,1_bajo,2023,20 m2 de espuma niveladora,terminaciones
000041076a482cff,23171603,True,0.235,29.0,ninguno,31231308,Tubería de bronce,0.34,60124411,0.324,60121305,0.316,23,AG,1_bajo,2021,cortador de tubo de bronce manual cortador de tubo de bronce manual,cortadores de canerias o tubos
00004278a8705e5e,56121701,True,0.066,628.0,ninguno,41103705,Cubetas orgánicas,0.22,44111512,0.172,44103204,0.165,56,CM,1_bajo,2017,1130256 estante jm import organizador 12 cubetas esquinas redondas 1152580 1130256 estante jm import organizador 12 cubetas esquinas redondas codigo cmm0000 region viii monto por unidad a pagar por de,estantes
000043611dca9282,42242001,True,0.083,346.0,ninguno,41105329,Agentes bloqueantes,0.243,53131508,0.176,46182209,0.176,42,CM,2_medio,2020,1267931 protesis transfemoral modular rodilla autobloqueante pie articulado unidad 1294031 1267931 protesis transfemoral modular rodilla autobloqueante pie articulado unidad codigo region xi monto por,dispositivos prosteticos de la extremidad inferior
00004560935e55da,80141605,True,0.067,1899.0,ninguno,90141603,Servicios de promoción de eventos deportivos,0.296,80151504,0.275,80141601,0.267,80,CM,2_medio,2017,1224202 promocionales 1250207 1224202 promocionales codigo region ii monto por unidad a pagar por despacho 0 servicio por 100 000 69 servicio por 10 000 8 servicio por 1000 4 servicio por 500 1 ajuste,regalos publicitarios
00004579623013d0,46181504,True,0.151,17.0,ninguno,42132205,Guantes quirúrgicos,0.329,42132204,0.315,42132201,0.293,46,SE,1_bajo,2020,guantes de cabritilla sin forro guantes de cabritilla sin forro,guantes protectores
000047849f924114,24112404,True,0.101,202.0,ninguno,31331609,Conjuntos estructurales soldados de acero inoxidable,0.322,30102405,0.317,11171601,0.317,24,SE,2_medio,2021,armario acero inoxidable 400 x 300 x 200 mm con mirilla vidrio detalle en adjunto,caja
0000486f153cc355,72102201,True,0.163,75.0,ninguno,32141106,Bases de tubo,0.219,55111501,0.208,55111506,0.2,72,AG,2_medio,2024,mantencion electrica preventiva y correctiva incluye tableros electronicos del juzgado de familia de quillota se adjuntan bases tecnicas visita a terreno obligatoria lunes 23 09 2024 a las 15 00 horas,instalacion o servicio de sistemas de energia electrica
000048f852761f67,47131608,True,0.055,854.0,ninguno,30181501,Tinas,0.285,30181506,0.278,30181502,0.274,47,SE,1_bajo,2023,hisopo limpia sanitario programa emergencia mosca de la fruta hisopo limpia sanitario plastico segun cotizacion adjunta,cepillos para aseos
00004cfe122e98df,86111504,True,0.066,842.0,ninguno,42211617,Bancos de traslado para personas con discapacidad física,0.25,42211805,0.244,42211708,0.243,86,CM,3_alto,2019,1363566 curso general discapacidad intelectual y trastornos del espectro autista valor por alumno 1390072 1363566 curso general discapacidad intelectual y trastornos del espectro autista valor por alu,programas no diplomados a distancia
00004e689deb1ac9,40101808,True,0.131,109.0,N1,40142201,Reguladores de gas,0.315,12163701,0.287,40142202,0.28,40,AG,1_bajo,2024,estufa a gas licuado 15 kg con cilindro 15 k y regulador estufa a gas licuado 15 kg con cilindro 15 k y regulador,estufas de la calefaccion
00004eeb76d9ae19,92101902,True,0.002,17941.0,ninguno,42192404,Carros médicos o accesorios,0.217,42131505,0.214,42192403,0.206,92,SE,2_medio,2019,traslado paciente d f c fecha traslado 16 03 2019 tramo copiapo stgo memorando n 100 s pediatria res exenta n 2090 traslado paciente d f c fecha traslado 16 03 2019 tramo copiapo stgo memorando n 100 ,servicios de ambulancia
000050cf53c7b076,52161512,True,0.007,16785.0,ninguno,84101705,Servicios de readquisición,0.235,43231503,0.224,71122806,0.221,52,AG,2_medio,2025,adquisicion de estimulos para alumnos del liceo gonzalo guglielmi de yumbel estacion de acuerdo a cotizacion adjunta,parlantes
0000518b19c667c7,53102901,True,0.0,17174.0,N1,53141626,Bastidores de bordado,0.174,51211615,0.166,53141618,0.166,53,SE,1_bajo,2020,polar con logo bordado talla s color azul segun cotizacion n 2020 12 polar con logo bordado talla s color azul segun cotizacion n 2020 12,prendas de deporte y buzos de mujer
0000520520696676,27112801,True,0.18,19.0,ninguno,31371206,Concreto refractario Sic,0.341,31371202,0.332,31371203,0.328,27,SE,1_bajo,2020,broca para concreto 10mm broca para concreto 10mm,brocas
000054e4aca5f25a,31162108,True,0.176,13.0,ninguno,24111509,Bolsas para agua,0.194,24111502,0.193,41104109,0.192,31,AG,1_bajo,2025,amarra cable 30 cm bolsa 100 unidades,anclajes de amarrar
0000571e12385fba,52151641,True,0.158,8.0,N3,52151612,Batidora de alambre o batidora manual,0.226,52161513,0.183,48101608,0.177,52,SE,1_bajo,2019,batidora similar a somela monto maximo por unidad iva incluido 15 820 batidora similar a somela despacho incluido,batidora para crema
0000586d751e0513,55101509,True,0.002,17411.0,ninguno,86111603,Escuela para padres,0.168,60105913,0.137,20122201,0.127,55,SE,1_bajo,2020,kiyosaki robert padre rico padre pobre aguilar 9789569582271 kiyosaki robert padre rico padre pobre aguilar 9789569582271 la demora es de 2 a 15 dias corridos,libros de texto educativos o vocacionales
000059f1e77dba2f,51201503,True,0.174,1.0,hoja,51201503,Mofetil micofenolato,0.174,51201512,0.166,20121907,0.13,51,SE,2_medio,2018,214 0195 micofenolato sodico 180mg 716410 myfortic fct 180 mg 120 cp n registro isp f 21509 14 fabricacion y procedencia novartis pharma stein a g stein suiza vence 31 01 2020 plazo entrega 48 horas h,mofetil micofenolato
00005b3015c6ccca,39121702,True,0.047,1112.0,ninguno,24111503,Bolsas de plástico,0.242,20122341,0.163,41104109,0.16,39,CM,1_bajo,2017,1017133 amarracable redline plastico 370 x 4 8mm bolsa 50 unidades 1035342 1017133 amarracable redline plastico 370 x 4 8mm bolsa 50 unidades codigo ap37x48 region vii monto por unidad a pagar por des,collares para cables
00005da186572157,55101509,True,0.167,22.0,ninguno,14111531,Libros o cuadernos de registro,0.222,14111536,0.216,14111506,0.206,55,CM,1_bajo,2018,1077804 libro impreso papelucho perdido n 6 9789562623322 1098804 1077804 libro impreso papelucho perdido n 6 9789562623322 codigo region x monto por unidad a pagar por despacho 0,libros de texto educativos o vocacionales
00005fd320ce7cb5,46151504,True,0.004,14385.0,ninguno,31162105,Anclajes de resina,0.365,31162103,0.362,31162102,0.362,46,AG,1_bajo,2023,muslera grande tres anclajes color negro similar cytac,equipo de proteccion corporal
00005fe3fe87952f,47131603,True,0.276,3.0,ninguno,60121233,Grabados de esponja,0.306,71121207,0.279,47131603,0.276,47,AG,1_bajo,2023,esponja amarilla esponja amarilla,esponjas
00006010159a9eb9,39111518,True,0.049,491.0,N1,39121533,Piezas de interruptor y accesorios,0.497,39121505,0.452,39121501,0.449,39,SE,1_bajo,2021,interruptor 9 12 matrones item n 98 interruptor 9 12 matrones,luz de mano o de extension
0000617ab25c7bb6,43212110,True,0.508,1.0,hoja,43212110,Impresoras multifunción o multifuncionales,0.508,82121701,0.387,44101503,0.379,43,CC,1_bajo,2026,1 multifuncional blanco y negro 1 multifuncional blanco y negro,impresoras multifuncion o multifuncionales
000062cbfe749c81,72131702,True,0.056,2026.0,ninguno,25101701,Carros bomba,0.224,84111703,0.209,93131803,0.198,72,SE,1_bajo,2017,por la reparacion de bomba y visita de emergencia por el sobrecalentamiento y trabajo forzado en avenida general velasquez n 6061 cerrillos segun presupuesto itemizado adjunto n 1023 por la reparacion,construccion de obras civiles
000064d5520f7d0e,48101808,True,0.074,921.0,ninguno,11171601,Aleación de acero inoxidable X5CrNi18-10 o 304,0.387,30102505,0.371,31331609,0.362,48,SE,1_bajo,2022,olla profesional acero inoxidable con tapa 18 litros olla profesional acero inoxidable con tapa 18 litros,cacerolas o sartenes profundas de uso comercial
000066ddf14e26fc,80141607,True,0.098,652.0,ninguno,93161607,Impuesto de transmisiones patrimoniales o patrimonio,0.251,93161503,0.222,44122019,0.202,80,AG,2_medio,2025,produccion general dia del patrimonio la calera 2025 se adjunta archivo con especificaciones tecnicas se requiere ingresar valor unitario del servicio solicitado,produccion de eventos
00006725c4babc4b,47131801,True,0.018,12377.0,ninguno,81121504,Proyecciones económicas,0.232,47131705,0.219,81121503,0.21,47,SE,2_medio,2022,adquisicion de articulos de aseo los que se detallan en el adjunto anexo n 3 para su posterior valor neto como oferta economica insumos de aseo,limpiadores de suelos
000068a53ba3597d,10151504,True,0.0,10403.0,ninguno,48101523,Ahumadores u hornos para ahumado de uso comercial,0.521,13101503,0.377,23181701,0.338,10,SE,1_bajo,2019,merken ahumado merken ahumado,semillas o almacigos de ajies
000068fa5d41c5cd,39101601,True,0.002,12561.0,ninguno,40151726,Piezas de repuesto de la bomba de circulación,0.284,42141704,0.267,93161501,0.224,39,AG,1_bajo,2026,panel led sobrepuesto circular 18w blanco,ampolletas halogenas
0000695c63204a3f,30201601,True,0.016,14442.0,ninguno,25202602,Reguladores ambientales del avión,0.198,25202601,0.196,102109020,0.196,30,SE,2_medio,2017,compra de 2 mediaguas 6x3 con piso y panel divisorio central para formar dos ambientes despacho y entrega incluidos en el precio,casas
00006cdfc9c8d36f,73101701,True,0.021,7531.0,ninguno,42192601,Moldes para supositorios,0.258,51171619,0.225,101111180,0.208,73,AG,1_bajo,2024,paracetamol 125 mg supositorios con fecha de vencimiento no menor a 18 meses,servicios de produccion de medicamentos o medicinas
00006d00a3317150,78111803,True,0.241,2.0,ninguno,90101503,Establecimientos de comida rápida,0.242,78111803,0.241,56121002,0.22,78,AG,1_bajo,2024,servicio de transporte escolar para salida pedagogica con capacidad para 82 pasajeros en la primera fecha 2 buses desde el establecimiento liceo bicentenario ubicado en bajos de matte 695 a biblioteca,servicios de autobuses contratados
000071ad78b368d0,15111510,True,0.04,6022.0,ninguno,42191706,Colector de gas médico,0.219,42191701,0.216,42191703,0.215,15,SE,2_medio,2018,gas glp minimo 95 propano 5 butano el oferente debe considerar todos los gastos asociados hasta la descarga en los estanques instalado en el hospital san jose de victoria suministro de glp redes de ga,gas de petroleo licuefactado
0000760f5f60dadc,15111510,True,0.074,65.0,ninguno,93142101,Servicios de planificación de desarrollo regional,0.223,48101607,0.198,52141511,0.169,15,CM,1_bajo,2018,1155573 gas licuado normal 15 kg xiv region 1178573 1155573 gas licuado normal 15 kg xiv region codigo region xiv monto por unidad a pagar por despacho 0,gas de petroleo licuefactado
0000776ea9977ee5,14111530,True,0.324,2.0,ninguno,31201502,Cinta autoadhesiva aislante eléctrica,0.364,14111530,0.324,31201524,0.302,14,CM,1_bajo,2019,1006382 nota autoadhesiva 3m 654 cubo 5 colores ultra 500hjs unidad 1024382 1006382 nota autoadhesiva 3m 654 cubo 5 colores ultra 500hjs unidad codigo region xvi monto por unidad a pagar por despacho ,notas de papel autoadhesivo
000077d04f229d7e,82121507,True,0.292,6.0,ninguno,14111801,Tickets o rollos de tickets,0.407,14111811,0.325,14111810,0.32,82,SE,1_bajo,2018,confeccion de formularios y ticket,impresion de papeleria o formularios comerciales
00007b085508c229,53141501,True,0.38,2.0,N2,53141629,Porta alfileres,0.387,53141501,0.38,53141502,0.369,53,AG,1_bajo,2024,alfileres caja de 100 unidades,alfileres rectos
00007e056496ead5,11101712,True,0.029,390.0,ninguno,31241607,Metal en barras redondo,0.337,27112129,0.314,27112125,0.222,11,AG,1_bajo,2020,fierro redondo de 6mm,aleacion ferrosa
000080083b11d5b2,85122201,True,0.102,314.0,ninguno,42182208,Tiras de temperatura del paciente,0.278,42182703,0.274,42192303,0.269,85,SE,2_medio,2019,examenes de alto costo de pacientes atendidos en el mes de abril 2019 se adjunta archivo con lista de pacientes atendidos examenes de alto costo de pacientes atendidos en el mes de abril 2019 se adjun,examenes medicos
000081220649ac73,26111705,True,0.09,161.0,ninguno,42181901,Unidades de monitorización materna o fetal de tratamiento agudo,0.174,42181908,0.173,20121914,0.172,26,CM,1_bajo,2019,1006704 pila duracell aa pack 2 unidades 1024704 1006704 pila duracell aa pack 2 unidades codigo 02055001 region vii monto por unidad a pagar por despacho 0,pilas secas
000083c2d795f99f,49181510,True,0.332,4.0,N3,49181512,Accesorios y piezas de Taca-Taca,0.367,49181511,0.355,13101905,0.333,49,SE,1_bajo,2017,taca taca melamina mdf taca taca melamina mdf,taca taca o futbolines
00008626b5c94989,86131502,True,0.0,14326.0,ninguno,31211604,Diluyentes para pinturas,0.358,31211803,0.324,31211703,0.283,86,SE,1_bajo,2018,diluyente hempel thinner codigo 08080 00000 diluyente hempel thinner codigo 08080 00000,pintura
0000876f18fb68a9,93131608,True,0.011,7152.0,ninguno,50112001,Carnes frescas procesadas y preparadas,0.247,50111510,0.246,50111512,0.244,93,SE,1_bajo,2022,se requiere brochetas surtida de carnes proveer brochetas surtida de carnes,servicios de suministro de alimentos
000087add997778a,73101701,True,0.104,308.0,ninguno,51181517,Clorhidrato de metformina,0.295,44102904,0.27,42191711,0.264,73,SE,3_alto,2017,medicamentos metformina 850 mg comprimido f,servicios de produccion de medicamentos o medicina
00008a13639737fe,22101610,True,0.12,163.0,ninguno,78180303,Servicios de estacionamiento de vehículos,0.216,78180302,0.207,25172112,0.193,22,AG,1_bajo,2023,m3 de base estabilizada para area de transito se consulta el suministro y nivelacion de aridos compuesto por arena y piedra chancada con tamano maximo de 1 lo anterior con el objetivo de habilitar are,distribuidoras de aridos
00008e40aa16d70b,42295123,True,0.225,1.0,hoja,42295123,"Máquinas quirúrgicas de succión, extractores de vacío, aspiradoras quirúrgicas ultrasónicas o reguladoras o accesorios",0.225,80131503,0.215,42281712,0.213,42,SE,3_alto,2017,arriendo de aspirador ultrasonico para cirugias base craneo arriendo aspirador ultrasonico para cirugia de base de craneo equipo modelo sonoca 300 marca soring procedencia alemania incluye un set de m,maquinas quirurgicas de succion extractores de vacio aspiradoras quirurgicas ultrasonicas o reguladoras o accesorios
00008ea433f87df4,11121611,True,0.005,10960.0,ninguno,30102204,Plancha de acero,0.409,30102212,0.405,30102210,0.405,11,SE,1_bajo,2018,plancha de terciado de 9 mm plancha de terciado de 9 mm,tablero de particulas
000093bacbfc3767,55101510,True,0.004,7605.0,ninguno,14111531,Libros o cuadernos de registro,0.354,14111516,0.34,82121902,0.334,55,TD,1_bajo,2025,mi cuaderno de haikus,libros de lectura de entretencion
000096877bf64969,44122104,True,0.127,19.0,ninguno,40141629,Válvulas apretadoras,0.261,23191003,0.219,30172002,0.198,44,AG,1_bajo,2021,apretadores doble clip 51 mm apretadores doble clip 51 mm,clips para papel
00009b69a113d89a,93151507,True,0.018,8335.0,ninguno,41112704,Analizadores de alimentación,0.255,85151502,0.229,85151509,0.228,93,CM,1_bajo,2018,932131 vale de alimentacion 1 500 950036 932131 vale de alimentacion 1 500 codigo region rm monto por unidad a pagar por despacho 0 100 1 500 1 1000 2,procedimientos administrativos
00009d0af33ea574,14111804,True,0.024,8538.0,ninguno,40161504,Filtros de aceite,0.288,26101725,0.267,40161505,0.249,14,MC,1_bajo,2019,aceite motor 10w40 dpf shell filtro aceite de motor inspeccion de filtros aire y aire acondicionado revision de frenos revision de tren delantero y trasero chequeo de niveles diferencial y caja cambio,facturas o libros de facturas
00009e342d3fa7b6,31211904,True,0.166,2.0,ninguno,23153306,Brocha de corte,0.24,31211904,0.166,30151604,0.164,31,CM,1_bajo,2019,1321616 brocha lizcal media 1 2 x 3 unidad 1347719 1321616 brocha lizcal media 1 2 x 3 unidad codigo region v monto por unidad a pagar por despacho 0,brochas
0000a20805ac35c4,30201706,True,0.085,162.0,N1,30181504,Lavamanos,0.178,80131501,0.17,91111501,0.169,30,AG,1_bajo,2025,arriendo de bano quimico con lavamanos dias viernes para feria libre sector lomas coloradas san pedro de la paz se requieren dos banos por cada dia viernes por un total de 7 viernes consecutivos segun,banos portatiles
0000a565033aed98,55121722,True,0.188,76.0,ninguno,12191602,Solventes activos,0.305,12191601,0.287,12191501,0.274,55,CC,1_bajo,2020,bandera de la region de los rios en tela solvent 6x4 metros bandera de la region de los rios en tela solvent 6x4 metros,mastiles de bandera piezas o accesorios
0000a6a57df960bd,86111604,True,0.167,31.0,ninguno,85151603,Servicios de rehabilitación nutricional,0.35,85151601,0.324,85151606,0.314,86,SE,2_medio,2026,jornadas de capacitacion curso abordaje nutricional en el espectro autista jornadas de capacitacion curso abordaje nutricional en el espectro autista,capacitacion a empleados
0000aa162c544535,51102710,True,0.164,31.0,ninguno,50202206,Alcohol o licores,0.263,41102402,0.258,50202308,0.246,51,AG,1_bajo,2022,alcohol gel 70 envase de 340 ml con valvula dosificadora adjuntar ficha tecnica e imagen indicar registro isp y fecha de vencimiento alcohol gel 70 con aloe x 340 ml laboratorio cosmetico colorbel s a,antisepticos basados en alcohol o acetona
0000b4d0496a284b,78180102,True,0.023,5762.0,ninguno,39111902,Señalización incandescente de emplazamientos peligrosos,0.302,39101612,0.284,26101757,0.283,78,AG,2_medio,2023,se requiere reemplazar las bujias incandescentes el relay de las bujias incandescentes la manguera del turbo con abrazaderas y un lavado del chassis para camioneta nissan navara 2015,reparacion de transmision
0000c2e05e757ecc,82101504,True,0.149,43.0,N3,82101508,Publicidad en las páginas amarillas o en un directorio comercial o de servicios,0.258,14111816,0.221,82101905,0.214,82,TD,1_bajo,2025,se solicita espacio de publicacion de nota de prensa en formato 1 pagina 23 5 cm ancho x 34 cm alto en diario papel digital y pagina web www eldivisadero cl 01 publicacion en 01 pagina 23 5 cm ancho x,publicidad en periodicos
0000c58d65f8abd6,76121501,True,0.156,88.0,N2,76121902,"Recolección, eliminación de residuos ácidos",0.302,10152102,0.289,10152103,0.279,76,SE,3_alto,2023,disposicion final de residuos solidos variacion de ipc 12 8 valor neto mensual de servicio de recoleccion y transporte a disposicion final de residuos solidos urbanos y despuntes vegetales de la comun,recoleccion destruccion transformacion o eliminacion de basuras
0000c6ace35508c4,13102030,True,0.045,332.0,ninguno,39121432,Terminales eléctricos,0.302,39121405,0.298,43211505,0.263,13,AG,1_bajo,2026,terminal he 20 mm,cloruro de polivinilo pvc
0000c79901c1abad,56112102,True,0.061,1975.0,ninguno,46182203,Respaldos,0.301,46182202,0.266,46182201,0.247,56,AG,1_bajo,2026,sillas ergonomicas cuero sintetico lavable regulacion de altura apoya brazos con regulacion de altura profundidad de 50 cm respaldo con ajuste de reclinacion y base y ruedas metalicas cromadas se afju,sillas para trabajar
0000c89f60edc0da,44111515,True,0.204,29.0,ninguno,78131802,Servicios de almacenaje bajo control aduanero,0.276,71161110,0.271,81111807,0.258,44,SE,2_medio,2022,memorando n 78 2022 unidad de administracion de contratos de fecha 22 04 2022 servicio de archivos mes de enero del ano 2022 con almacenaje en el mes de febrero del 2022,organizadores o cajas de almacenamiento de archivo
0000e0792d50fdb6,26121609,True,0.314,4.0,ninguno,31151704,Cable-vías,0.319,26121621,0.317,31151703,0.315,26,AG,1_bajo,2022,cable hmi 3 metros spektra cables adaptadores video cable hdmi 1 4 de 3 metros,cable de redes
0000e508f03ace6f,43202005,True,0.037,2203.0,ninguno,81111818,Garantía de terceros,0.201,80131703,0.181,84101503,0.173,43,AG,1_bajo,2024,pendrive 64gb caracteristicas se encuentran en documento adjunto pendrive 64gb usb 3 0 ultra flair garantia del fabricante de 12 meses,dispositivos de almacenamiento de memoria flash
0000e763c0478c39,72102305,True,0.624,1.0,hoja,72102305,"Servicios de reparación, mantenimiento o reparación de aire acondicionado",0.624,41103414,0.516,41103403,0.454,72,AG,1_bajo,2023,mantencion aire acondicionado,servicios de reparacion mantenimiento o reparacion de aire acondicionado
0000e8561577d9c3,76101501,True,0.078,982.0,ninguno,78141603,Inspecciones de control de plagas,0.241,72102104,0.196,10191701,0.191,76,SE,1_bajo,2020,3 adicionalmente a este valor se debe considerar el cobro de la seremi correspondiente por la inspeccion cobro asociado al numero de roles del inmueble 27 900 x rol cotizacion 1 tratamiento control de,servicios de saneamiento de aseos
0000e96538518fbd,50101538,True,0.547,1.0,hoja,50101538,Verduras frescas,0.547,50101539,0.539,50101545,0.514,50,SE,2_medio,2023,canasta frutas y verduras pacientes diciembre 2023 canasta frutas y verduras pacientes diciembre 2023,verduras frescas
0000e9ffd5a0e28d,10151605,True,0.306,2.0,N1,10121502,Avena para pienso,0.379,10151605,0.306,43232002,0.141,10,MC,1_bajo,2019,avena de 500 grs avena de 500 grs,semillas de avena
0000f2be207f910e,12162302,True,0.004,11327.0,ninguno,26111905,Embrague de rueda libre,0.188,26111903,0.188,26111904,0.181,12,CM,1_bajo,2019,1527364 frague befrague gris 1kg unidad 1529243 1527364 frague befrague gris 1kg unidad codigo region rm monto por unidad a pagar por despacho 0,aceleradores de cemento
0000f62d2627e184,27111508,True,0.095,156.0,ninguno,60101319,Tarjetas didácticas de equivalencia,0.205,26101737,0.2,60105612,0.19,27,AG,1_bajo,2025,cadena marca stihl para motosierra modelo ms 210 o equivalente,sierras
0000f930a8ad9537,90101601,True,0.152,17.0,N3,90101603,Servicios de catering,0.253,60102807,0.208,60102805,0.203,90,CM,1_bajo,2017,1114711 coffee break catering especial valor por persona 1134711 1114711 coffee break catering especial valor por persona codigo region xi monto por unidad a pagar por despacho 0,banquetes
0000fae649697539,43212110,True,0.53,1.0,hoja,43212110,Impresoras multifunción o multifuncionales,0.53,44101724,0.319,44101503,0.288,43,CM,1_bajo,2019,1166327 impresora multifuncion brother mfc l2700dw unidad 1192499 1166327 impresora multifuncion brother mfc l2700dw unidad codigo region rm monto por unidad a pagar por despacho 0,impresoras multifuncion
000100b1e5c21144,51241205,True,0.005,12327.0,ninguno,31341106,Conjuntos de planchas soldadas,0.24,31341111,0.231,31341113,0.226,51,MC,1_bajo,2018,10 planchas zinc acanalada 0 35x3 66mts segun cotizacion,calamina
000108fe705f2973,90121701,True,0.088,1482.0,ninguno,80141616,Materiales para punto de venta (no incluye material impreso),0.188,71121514,0.186,85122002,0.179,90,AG,1_bajo,2025,actividad para 34 personas 31 estudiantes y 3 docentes del liceo portezuelo para el dia martes 06 de mayo 2025 hacia el el pitrucao cerro en el centro del valle de cocalan comuna de las cabras itinera,guias turisticos
00010a659fe34ff8,40142115,True,0.006,10262.0,ninguno,85131602,Código de conducta médica,0.158,13102030,0.155,55121608,0.152,40,CM,1_bajo,2017,982377 codo pvc tigre p 90 20x20mm cem unidad 997897 982377 codo pvc tigre p 90 20x20mm cem unidad codigo 27678 2 region v monto por unidad a pagar por despacho 0,tuberia de plastico
00010c7010137f8d,84131501,True,0.255,14.0,N3,84131505,Seguros marítimos,0.439,78101705,0.341,84131605,0.289,84,SE,1_bajo,2022,seguros por casco maritimo pago cuota n 7,seguros de edificios o de su contenido
0001115c234bf377,80111709,True,0.021,1686.0,ninguno,85122004,Servicios de cirujanos bucales,0.319,42295115,0.284,42295408,0.274,80,TD,2_medio,2025,cirujano llamado semana 30 de junio al 06 de julio 2025,personal medico
000113cb1015b569,52121509,True,0.155,3.0,ninguno,20122903,Unidades de registrar datos de superficie,0.178,20121308,0.162,52121509,0.155,52,CM,1_bajo,2019,1386841 sabana incatex superior lisa 150 x 100 unidad 1413342 1386841 sabana incatex superior lisa 150 x 100 unidad codigo region viii monto por unidad a pagar por despacho 155,sabanas
00011de4256873d8,85101505,True,0.041,1313.0,ninguno,90152101,Servicios de asistencia personal,0.209,42272203,0.201,42272202,0.192,85,SE,3_alto,2023,asistencia ventilatoria invasiva con tens 12 hrs de lunes a domingo meses de agosto septiembre octubre y noviembre 2023,servicios hospitalarios respiratorios
0001248485dc4ce4,22101719,True,0.242,4.0,ninguno,23153308,Portaherramientas o monturas de herramienta graduables,0.379,23231001,0.326,42151814,0.246,22,CM,1_bajo,2018,1026795 portaherramienta stanley 19013 19 1046986 1026795 portaherramienta stanley 19013 19 codigo 011204001 region v monto por unidad a pagar por despacho 0,portaherramientas de corredera transversal de expl
00012d1277483888,27112102,True,0.153,29.0,ninguno,31161503,Clavo-tornillo,0.283,31161518,0.28,31161516,0.279,27,CM,1_bajo,2017,1377597 tornillo mecanico somar base fija n 3 unidad 1404098 1377597 tornillo mecanico somar base fija n 3 unidad codigo region rm monto por unidad a pagar por despacho 0,tornillos de banco
00012d8616821046,73101701,True,0.017,969.0,ninguno,42294506,Giradores del núcleo para cirugía oftálmica,0.372,42294503,0.371,42294505,0.366,73,SE,1_bajo,2018,nevanac susp oftalmica 0 1 nevanac susp oftalmica 0 1,servicios de produccion de medicamentos o medicina
00012dbd44183164,31211501,True,0.272,10.0,ninguno,13111061,Resinas de poliuretano,0.395,13111202,0.386,53131638,0.338,31,MC,1_bajo,2020,esmalte poliuretano blanco esmalte poliuretano blanco,pinturas al esmalte
0001348ce66e3b56,82101903,True,0.075,334.0,ninguno,80111708,Personal financiero,0.288,81112001,0.281,86101801,0.25,82,CM,1_bajo,2018,1102081 avisaje diario online nacional diario financiero 1122081 1102081 avisaje diario online nacional diario financiero codigo region rm monto por unidad a pagar por despacho 0 servicio por 100 000 ,avisos en internet
000136d97969343d,81141807,True,0.27,19.0,ninguno,20111610,Maquinaria de inspección de alcantarillado,0.376,30222059,0.349,30222060,0.319,81,SE,1_bajo,2025,desobstruccion de 3 camaras de alcantarillado inspeccion mediante varillas con rosco metalico mas limpieza desobstruccion de 3 camaras de alcantarillado inspeccion mediante varillas con rosco metalico,servicio de gasfiteria y alcantarillado
0001386517a367b7,56101532,True,0.007,16321.0,ninguno,44122103,Corchetes,0.277,44121615,0.259,44121613,0.25,56,SE,2_medio,2022,corchete 3 puestos detalles senalados en proceso de cotizacion id 859378 11 sc22 corchete 3 puestos detalles senalados en proceso de cotizacion id 859378 11 sc22,mobiliario
0001394427fabe5b,78111808,True,0.164,10.0,ninguno,80131503,Arriendo de tierras,0.239,80131501,0.232,80131502,0.223,78,CM,2_medio,2019,997335 arriendo camioneta ford ranger xlt 4x4 diesel valor mensual 1014335 997335 arriendo camioneta ford ranger xlt 4x4 diesel valor mensual codigo region vi monto por unidad a pagar por despacho 0,arriendo de vehiculos
00013fb49d37df95,90111601,True,0.021,12180.0,N1,90101701,Gestión de cafetería,0.34,48101909,0.29,80131503,0.233,90,SE,3_alto,2025,salon y cafeteria para actividades de capacitacion para funcionarios de la red aps 2025 servicio de cafeteria 1058 salon 1 10 salon 2 9 arriendo salon coffee break considerando 1 servicio y 1 persona ,centros de conferencias
000143c1c3ab755a,81141604,True,0.076,1377.0,ninguno,42192402,Carros específicos de equipo de control y de diagnóstico,0.319,42192404,0.258,86131501,0.249,81,AG,1_bajo,2024,servicio de traslado especificaciones adjuntas servicio de traslado caleta tumbes teatro dante talcahuano dia 27 de noviembre,servicios de transporte
00014512bb210bcc,81111809,True,0.059,3724.0,ninguno,43231512,Software de gestión de licencias,0.43,81112202,0.353,43231509,0.332,81,CM,1_bajo,2017,1138803 servicio complementario para productos de licencias de software soporte extendido 1160867 1138803 servicio complementario para productos de licencias de software soporte extendido codigo regio,instalacion de sistemas
0001513e92e38b54,14111507,True,0.119,73.0,ninguno,60121147,Papel brillante,0.264,14121903,0.188,14111523,0.181,14,CM,2_medio,2019,1181956 papel couche lumiart brillante 300 grs tamano 77 x 110 cm 100 pliegos 1208023 1181956 papel couche lumiart brillante 300 grs tamano 77 x 110 cm 100 pliegos codigo 2030077110f region v monto po,papel para fotocopiadora o impresora
000156d21700f941,81141807,True,0.084,1344.0,ninguno,71122806,Servicios de adquisición de datos de la superficie del local del pozo,0.233,84101705,0.226,60101104,0.216,81,AG,2_medio,2026,se requiere el servicio de armado de terraza para oficinas arriba de banos modulares ubicados en el parque urbano de la comuna de coyhaique y ademas se necesita realizar revestimiento de red de agua d,servicio de gasfiteria y alcantarillado
000157cd6b795e06,70111508,True,0.158,68.0,N2,70111712,Servicios de fumigación de parques o jardines,0.355,49241508,0.259,56121603,0.258,70,SE,2_medio,2018,aplicaciones fumigacion desratizacion y sanitizacion jardines infantiles de la region de atacama programa 01 aplicaciones fumigacion desratizacion y sanitizacion jardines infantiles de la region de at,servicios de fumigacion de plantas o arboles ornam
00015caaf0e1c797,49221500,False,,,N1,49161706,Vallas,0.32,49221501,0.315,49221504,0.296,49,CM,1_bajo,2019,1333795 accesorios deportivos train valla agilidad 30 cm unidad 1359942 1333795 accesorios deportivos train valla agilidad 30 cm unidad codigo region xiv monto por unidad a pagar por despacho 0,
00016364ad350e5f,43232902,True,0.017,13651.0,ninguno,81111901,Extracción de información de bases de datos,0.272,81111902,0.26,81111705,0.237,43,TD,1_bajo,2025,sistema de informacion para la gestion de experiencia y satisfaccion usuaria con reportes a minsal mes de marzo 2025 sistema de informacion para la gestion de experiencia y satisfaccion usuaria con re,software de servidor de comunicaciones
000166e56b1343d4,21101503,True,0.179,3.0,ninguno,80141803,Servicios de referenciación,0.186,70141706,0.18,21101503,0.179,21,AG,1_bajo,2024,motocultivador ver adjunto de referencia motocultivador de acuerdo a cotizacion adjunta,cultivadoras
000167b8b50628a2,73161517,True,0.217,14.0,ninguno,41103403,Equipo de control microbiológico del aire,0.313,41103414,0.302,72102305,0.266,73,SE,2_medio,2017,40 003 003 012 00 equipo de aire acondicionado 18 000 btu ecologico eficiencia energetica clase a segun cotizacion n 100162,servicios de fabricacion de equipo de aire acondic
0001717d381131e5,20121706,True,0.14,50.0,ninguno,39121412,Conectores de soporte posterior,0.226,39121402,0.218,39121403,0.212,20,CM,1_bajo,2017,980757 enchufe bticino soporte plastico magic sobreponer unidad 996160 980757 enchufe bticino soporte plastico magic sobreponer unidad codigo region v monto por unidad a pagar por despacho 25,enchufes de pesca alimentacion superior
000174a80f17879a,86131804,True,0.01,14161.0,ninguno,80111702,Servicios de comprobación de referencias o antecedentes,0.245,92112403,0.215,92112404,0.214,86,AG,1_bajo,2025,modulo antecedentes geopoliticos e historia del conflicto de yugoslavia fecha de ejecucion 07 nov 2025 modulo antecedentes geopoliticos e historia del conflicto de yugoslavia fecha de ejecucion 07 nov,escuela o academia de guerra
0001766340739df5,12141702,True,0.216,3.0,ninguno,24121806,Latas de aluminio,0.316,11101705,0.251,12141702,0.216,12,SE,1_bajo,2019,envase de aluminio 18 cmts largo x 13 cm envase de aluminio 18 cmts largo x 13 cm,aluminio al
000178f6a393b751,25101505,True,0.178,2.0,ninguno,78101601,"Servicios de transporte por furgones, vagones",0.19,25101505,0.178,60101609,0.176,25,SE,3_alto,2022,un furgon pick up doble cabina de acuerdo a las especificaciones tecnicas contenidas en las bases tecnicas furgon doble cabina pick up marca foton modelo tm3 de 1 5 litros de 1525 kilos de capacidad d,mini furgonetas o furgonetas
00017d91c817d31f,50192701,True,0.071,3756.0,ninguno,85151504,Servicios de control de preparación de los alimentos,0.347,85151508,0.346,85151502,0.345,50,AG,2_medio,2024,servicio de alimentacion segun especificaciones tecnicas servicio de alimentacion segun especificaciones tecnicas,platos combinados frescos
00017f6607f49b9c,30222404,True,0.0,10312.0,ninguno,32141108,Clavijas de electrodo,0.382,52141510,0.362,52141537,0.36,30,TD,1_bajo,2025,electrodo leep electrodo leep,unidad de cuidados intensivos
0001870f296b4900,42242003,True,0.083,78.0,ninguno,31161712,Tuercas de reborde,0.25,31161612,0.248,41103710,0.214,42,TD,1_bajo,2026,306 4630 placa orbital reborde sist 2 0 8 orif memos 438 449 central item presupuestario 22 04 004 004 protesis comsumo junio 2026 resolucion exenta n 6515 01 7128 placa orbital reborde sist 2 0 8 ori,dispositivos de sujecion protesica o accesorios
00018a419cbca793,25171718,True,0.233,15.0,ninguno,78180102,Reparación de Transmisión,0.326,78180101,0.311,78180104,0.304,25,AG,1_bajo,2026,servicio de reparacion vehiculo fiscal del aerodromo balmaceda,kits de reparacion de frenos
00018d6940152855,12352310,True,0.176,8.0,ninguno,60101319,Tarjetas didácticas de equivalencia,0.219,60105612,0.202,14121804,0.196,12,AG,1_bajo,2026,pistola silicona chica 8 w artel o equivalente,siliconas
000191335e84632d,85121504,True,0.12,158.0,ninguno,93161501,Impuesto sobre la renta,0.27,93161503,0.254,93161605,0.253,85,TD,1_bajo,2025,prestaciones medicas servicio de sdm mes de julio 2025 10 767 por 19 minutos impuesto incluido,servicios medicos de emergencia
0001959a17e950c5,39121011,True,0.0,13897.0,ninguno,26111713,Baterías térmicas,0.362,26111703,0.361,26111711,0.358,39,SE,2_medio,2022,baterias cp12 9 baterias cp12 9,fuentes de alimentacion continua
00019773e6a14b23,26111711,True,0.13,20.0,ninguno,42203501,Accesorios o desfibriladores implantables o generadores de marcapasos cardíacos,0.353,42171902,0.352,42172101,0.331,26,SE,2_medio,2024,bateria desfibrilador primedic bateria para monitores desfibriladores modelo xd 110 marca primedic,baterias de litio
0001991378158f1d,41111604,True,0.146,7.0,ninguno,44111808,Regla T,0.224,31311706,0.188,53141622,0.186,41,CM,1_bajo,2017,1109859 regla hand metalica 40 cm unidad 1129859 1109859 regla hand metalica 40 cm unidad codigo region v monto por unidad a pagar por despacho 0,reglas
00019b194181d700,83101504,True,0.193,23.0,ninguno,71131011,Servicios de servicio de evaluación de fractura la perforación,0.304,71131012,0.266,40161602,0.265,83,SE,2_medio,2021,servicio de agua purificada en bidones mes de marzo 2021 se adjunta prefactura y pauta de evaluacion servicio de agua purificada en bidones mes de marzo 2021 se adjunta prefactura y pauta de evaluacio,distribucion de agua
00019d976d38a7fa,15121525,True,0.148,127.0,ninguno,31181703,Deflectores de aceite,0.328,40161504,0.305,78180103,0.296,15,TD,2_medio,2025,mantencion y reparacion camion recolector ppu lrjy65 juego de empaquetadura superior bomba de agua termostato refrigerante 20 lts aceite filtro de aceite mano de obra y rectificacion culata,aceites atemperantes
0001a6cccc4a4a10,78180103,True,0.001,12028.0,ninguno,27131508,Motores neumáticos,0.583,27131504,0.56,27131614,0.557,78,MC,1_bajo,2019,rotar 2 neumaticos rotar 2 neumaticos,servicios de cambio de fluidos de aceite o de la t
0001b2ee31495fa8,92101501,True,0.371,3.0,ninguno,46171610,Cámaras de seguridad,0.425,92121504,0.415,92101501,0.371,92,SE,1_bajo,2021,servicio guardia turno 12 horas direccion 9 dias de marzo convenio de servicios de guardias seguridad y camaras de vigilancia dssan 2020,servicios de vigilancia
0001b3604648a3c3,50111511,True,0.119,49.0,ninguno,24131604,Equipo de secado por congelación,0.235,24131606,0.232,24131605,0.23,50,CM,3_alto,2017,969454 pollo super pollo trutro corto peso caja 16 a 17 ks congelado 986454 969454 pollo super pollo trutro corto peso caja 16 a 17 ks congelado codigo region v monto por unidad a pagar por despacho 0,carne de ave o carne congelada
0001b5db50891341,91101701,True,0.186,43.0,ninguno,30102211,Plancha de bronce,0.367,30102204,0.358,30102212,0.355,91,AG,1_bajo,2025,4 plancha de cabello italy elegance 2 plancha de pelo similar a air strainght,peluquerias y salones de belleza
0001b86d89fd14c6,41112213,True,0.179,9.0,ninguno,42182209,Sondas de termómetro,0.241,42182206,0.216,41111916,0.213,41,CM,2_medio,2021,1674369 termometro healthstore digital sin contacto compacto unidad 1676368 1674369 termometro healthstore digital sin contacto compacto unidad codigo region viii monto por unidad a pagar por despacho,termometros de mano
0001c927117f25b3,81101508,True,0.012,17338.0,ninguno,93141713,Servicios de protección de lugares históricos o monumentos,0.204,93142102,0.182,41115817,0.182,81,SE,3_alto,2020,levantamiento critico diagnostico y modelo de gestion monumento historico ex estacion de colchagua comuna de palmilla region de o higgins la oferta se realiza en estricto apego a las bases de licitaci,ingenieria arquitectonica
0001cc894a0ebe87,22101509,True,0.372,1.0,hoja,22101509,Retroexcavadoras,0.372,22101713,0.314,101101001,0.301,22,SE,2_medio,2021,cantidad asociada a dias servicio de arriendo de retroexcavadora licitacion publica id 2770 48 le21 cantidad asociada a dias servicio de arriendo de retroexcavadora licitacion publica id 2770 48 le21,retroexcavadoras
0001cf217b55ceab,85121810,True,0.122,81.0,ninguno,42271803,Sets de transferencia para terapia respiratoria,0.216,42271505,0.197,46182004,0.193,85,AG,2_medio,2025,se requiere 640 unidades de test rapido virus respiratorios fecha de vencimiento mayor a agosto de 2026 ver referencia tecnica en adjunto se requiere 640 unidades de test rapido virus respiratorios fe,test de deteccion de drogas o alcohol
0001d91598bc0be5,13101708,True,0.269,4.0,ninguno,14121804,Papeles baño de silicona,0.325,31181510,0.31,12352310,0.282,13,SE,1_bajo,2019,silicona delgada silicona delgada,silicona vmq y pmq y pvmq
0001d954c2897fc0,60101727,True,0.014,6068.0,N2,60101602,Certificados en blanco,0.287,60101604,0.285,60101603,0.285,60,TD,1_bajo,2025,certificacion de frances nivel a2 certificacion de frances nivel a2,materiales para hacer examenes
0001db87652c58a0,22101614,True,0.018,10051.0,ninguno,81111814,Servicios de colocación,0.225,41111945,0.19,42151630,0.187,22,SE,1_bajo,2017,7 3 2 valor de la oferta por metro lineal ml de retiro suministro y colocacion de soleras tipo c valor de la oferta por metro lineal ml de retiro suministro y colocacion de soleras tipo c,revestimientos de pavimento de hormigon
0001e10838700ea9,46171606,True,0.188,17.0,N1,46151607,Cordones de seguridad,0.221,92101503,0.22,46182402,0.217,46,SE,2_medio,2021,direccion seguridad publica requiere la provision e instalacion de sirena y parlante para camionetas de seguridad publica segun detalle adjunto s p n 298288 al momento de cotizar ver y completar detal,sirenas
0001e6dbdbc5f233,93131607,True,0.061,225.0,ninguno,70121902,Administración de variedades de pastos,0.446,70121903,0.429,70121901,0.313,93,AG,1_bajo,2023,queque nutra bien variedades de 250 grs c u,servicios de distribucion de alimentos
0001eab7380e6888,80141605,True,0.173,9.0,ninguno,14111608,Cupón de regalo,0.213,14111601,0.197,53101902,0.197,80,CM,1_bajo,2018,1224205 regalo hombre 1250211 1224205 regalo hombre codigo region xii monto por unidad a pagar por despacho 0 ajuste de sencillo 1 189 servicio por 5 000 1 servicio por 10 000 1,regalos publicitarios
0001f41a82bab4c2,73152102,True,0.061,1015.0,ninguno,44121801,Cinta correctora,0.287,47131803,0.268,44121802,0.265,73,TD,1_bajo,2025,trato directo de mantencion correctiva de lavadora desinfectadora,servicio de reparacion de equipo de fabricacion
0001f9ae266fa2d7,93161502,True,0.171,10.0,ninguno,31162008,Pasadores de arrastre,0.228,25171704,0.215,27113103,0.212,93,SE,2_medio,2023,son 100 placas patentes carros de arrastre desde ftw 302 ebn adelante y 1 duplicado placa patente carro de arrastre ftv 811 decreto 5125 son 100 placas patentes carros de arrastre desde ftw 302 ebn ad,patentes municipales
0002044f0b4de1c9,25101611,True,0.109,53.0,ninguno,80131502,Arriendo de instalaciones comerciales o industriales,0.171,60104601,0.17,80131503,0.163,25,AG,2_medio,2025,arriendo de camion cerrado de carga 40m3 ida desde con con fuerte aguayo a los alamos 4ta comisaria de fuerzas especiales de carabineros el dia 28 de abril a las 20 30hrs y vuelta dia 29 de abril a la,camiones de transporte
0002172472984010,46191601,True,0.212,1.0,hoja,46191601,Extintores,0.212,43211701,0.14,85131602,0.137,46,CM,1_bajo,2019,1351735 extintor rally pqs 90 6 k 1378035 1351735 extintor rally pqs 90 6 k codigo region xvi monto por unidad a pagar por despacho 3404,extintores
0002253bf838f49a,90151602,True,0.036,5182.0,ninguno,78102001,Servicios de lanzamiento de satélites,0.243,76111701,0.214,73181023,0.211,90,CM,2_medio,2017,993004 actividades en terreno y lanzamiento 1010004 993004 actividades en terreno y lanzamiento codigo region x monto por unidad a pagar por despacho 0 servicio por 100 000 72 servicio por 10 000 1 se,productoras
000231904a91b5d1,54111704,True,0.376,2.0,N1,54101601,Pulseras,0.421,54111704,0.376,54111501,0.371,54,SE,1_bajo,2017,pulseras fluor pulseras fluor,correas bandas pulseras o cadenas de relojes
0002374341fc29e4,10111305,True,0.094,73.0,ninguno,42121509,Termómetros clínicos veterinarios,0.223,60101319,0.215,42121508,0.211,10,AG,2_medio,2024,insumos veterinario 25 und de moskimic 10 litro o equivalente 25 und de termometro digital pta flexible 2 und de guante latex s x 50p 10 und de inveade oral s forete 100 ml o equivalente 4 und de nucl,farmacos veterinarios
000243a21cec4d07,43212110,True,0.667,1.0,hoja,43212110,Impresoras multifunción o multifuncionales,0.667,44101724,0.393,44101503,0.372,43,AG,2_medio,2024,impresora multifuncional canon maxify gx7010 impresora multifuncional canon maxify gx7010,impresoras multifuncion o multifuncionales
000245483800f33b,23151702,True,0.016,7428.0,ninguno,31241502,Prismas,0.42,31241501,0.292,31241604,0.259,23,SE,1_bajo,2017,barras de prismas prismas en barra uno vertical uno horizontal marca luneau codigo 161239 segun detalle cotizacion n 29820,equipo de medicion de lentes
00024eb06c688303,25172504,True,0.304,6.0,N3,25172503,Neumáticos para camiones pesados,0.392,25172508,0.358,25172507,0.354,25,CM,1_bajo,2018,1345475 neumatico vehiculo pesado bkt skid power hd 14 17 5 unidad 1371724 1345475 neumatico vehiculo pesado bkt skid power hd 14 17 5 unidad codigo region xii monto por unidad a pagar por despacho 0,neumaticos para camionetas o automoviles
000250b55bb4228b,15111510,True,0.091,148.0,ninguno,27131701,Cilindros neumáticos,0.314,27121602,0.3,27131708,0.297,15,AG,1_bajo,2023,4 vales para recarga de cilindros de gas licuado de 11 kg,gas de petroleo licuefactado
00025494744a88d2,93151507,True,0.03,3653.0,ninguno,53102710,Uniformes corporativos,0.539,53102702,0.425,53102712,0.417,93,CM,2_medio,2017,932150 vale de uniformes vestuario institucional y ropa corporativa 10 000 950054 932150 vale de uniformes vestuario institucional y ropa corporativa 10 000 codigo region viii monto por unidad a pagar,procedimientos administrativos
0002564e427ee671,12352204,True,0.012,16815.0,ninguno,44121507,Sobres de catálogo,0.229,41106604,0.209,40101704,0.177,12,SE,2_medio,2024,correlativo plan 5904 unidad requirente sd genomica y genetica molecular c c 03 11 00 00 cod flexline 10482 2724 nombre kit secuenciamiento sanger 3 1 100 reacciones presentacion caja catalogo 4337455,enzimas
00025c55c10154c4,20102301,True,0.017,8061.0,ninguno,86141602,Federaciones de estudiantes,0.342,86141601,0.328,86141603,0.267,20,SE,2_medio,2022,servicios de traslado estudiantes ralco el barco y viceversa mes octubre,transportes de personal
00025c7d22183cb8,72102201,True,0.143,282.0,ninguno,73181908,Servicios de soldadura,0.373,73181905,0.369,73181901,0.356,72,MC,1_bajo,2019,reparacion caja soldadura porton,instalacion o servicio de sistemas de energia elec
000271702e1dbc48,83111603,True,0.275,1.0,hoja,83111603,Servicios de telefonía móvil,0.275,43222801,0.247,30222206,0.242,83,CC,2_medio,2024,samsung a14 4g 20 equipos gama 1 samsung a14 5g 1 equipo gama 2 bam 17 servicio de telefonia movil y banda ancha movil 20 lineas con equipo gama 1 4 500 c u 1 linea gama 2 5 000 17 equipos bam 4 250,servicios de telefonia movil
00027667adeed3c0,85121609,True,0.001,15953.0,ninguno,42294941,Sets de drenaje biliar por endoscopia,0.19,70171801,0.179,42311903,0.174,85,TD,2_medio,2026,drenaje biliar percutaneo bloqueo de plexo celiaco folio redcap 898 19 12 2025,servicios quirurgicos
000278201fbe9167,32131010,True,0.151,65.0,ninguno,44122009,Ficheros giratorios o de tarjetas profesionales,0.455,43201403,0.285,14111605,0.284,32,SE,1_bajo,2023,tarjeta fichero p a p tarjeta fichero p a p,tarjetas sencillas de circuitos impresos
00027e345ead041d,15111510,True,0.076,115.0,ninguno,93142101,Servicios de planificación de desarrollo regional,0.224,48101607,0.197,20121106,0.182,15,CM,2_medio,2021,1611868 gas licuado granel litro v region 1613768 1611868 gas licuado granel litro v region codigo region v monto por unidad a pagar por despacho 0,gas de petroleo licuefactado
0002809ec09fca9e,77131701,True,0.265,21.0,ninguno,11141608,Residuos o desperdicios peligrosos,0.387,76131602,0.341,11141602,0.331,77,SE,2_medio,2020,retiro de desechos y sustancias peligrosas retiro de desechos y sustancias peligrosas,servicios de control de sustancias toxicas
00028273dd54dbad,51101715,True,0.1,44.0,ninguno,56101705,Vitrinas,0.178,47131704,0.176,53131616,0.149,51,AG,2_medio,2021,permitrina 5 en locion base 200mgl,antiparasitario topico permetrina
000286cc1f038b6f,78141501,True,0.095,820.0,ninguno,86101704,"Formación en logística, cadenas de aprovisionamiento y suministro",0.259,71122806,0.223,80111707,0.212,78,SE,3_alto,2022,modificacion de contrato para la adquisicion del servicio de operador logistico para el programa de utiles escolares tecnico profesional ano 2021 aprobado mediante resolucion exenta n 3482 de 2021 85 ,servicios de expedicion de carga
00028c70d2f52e22,82131502,True,0.117,502.0,ninguno,50161815,Chicle,0.415,50161814,0.369,50161813,0.354,82,SE,2_medio,2018,320 entradas 3d y 320 servicio de confiteria entradas al cine y servicio de confiteria para 320 personas,procesamiento o reproduccion de peliculas de cine
0002975aca259fc1,24112501,True,0.128,33.0,ninguno,11111608,Piedra caliza,0.26,11111610,0.246,11111601,0.24,24,CM,1_bajo,2020,1233535 carton smurfit kappa piedra 3 0 mm 85 x 115 cm unidad 1259605 1233535 carton smurfit kappa piedra 3 0 mm 85 x 115 cm unidad codigo cg3085115sk region vi monto por unidad a pagar por despacho 0,cartones acanalados ranurados
00029a24d6ac43dd,91111901,True,0.212,8.0,ninguno,49241604,Dardos de jardín,0.262,56121602,0.247,56121603,0.246,91,SE,1_bajo,2024,jardin infantil karen contreras mensualidad septiembre jardin infantil karen contreras mensualidad septiembre,jardines infantiles o salas cunas
0002a6944782c631,86141501,True,0.009,17243.0,ninguno,60121604,Accesorios de material de estudio,0.254,30102315,0.25,30102304,0.248,86,SE,3_alto,2019,estudio de perfiles caracteristicas y necesidades de los usuarios de conicyt exentos de i v a,asesorias educativas
0002ab65e99d35d0,15121501,True,0.005,7536.0,ninguno,14111519,Papeles de Cardstock,0.177,20121104,0.152,71121637,0.151,15,SE,3_alto,2020,mobil delvac 1640 granel cod copec 101775 nro de stock 190051140 mobil delvac 1640 granel cod copec 101775 nro de stock 190051140,aceite de motor
0002b74d7eb03676,47121804,True,0.004,13986.0,ninguno,11171603,Aleación de acero inoxidable X5CrNiMo17-12-2 o 316,0.363,30102505,0.344,30101605,0.33,47,MC,1_bajo,2019,basureros con tapa y pedal acero inoxidable 12 lt segun ct 2421 865 ct19,cubos o baldes para limpieza
0002c7e9746cad1c,51171631,True,0.0,3353.0,ninguno,20101503,Cortadores de carbón,0.233,14121810,0.222,11101522,0.214,51,TD,1_bajo,2025,carbowax 4000 usp carbowax 4000 usp,preparado laxante de polietilenglicol
0002d278e76323b9,11101712,True,0.151,83.0,N2,11101518,Talco,0.286,31331606,0.198,41114613,0.186,11,SE,2_medio,2023,metalcom estruc c 100x40x085x6mt metalcom estruc c 100x40x085x6mt,aleacion ferrosa
0002d56554c81966,23101502,True,0.107,360.0,ninguno,31281809,Piezas no metálicos perforadas,0.243,31311706,0.233,20111616,0.213,23,CM,1_bajo,2019,1006699 perforadora torre metalico n 8 unidad 1024699 1006699 perforadora torre metalico n 8 unidad codigo 10812ng region x monto por unidad a pagar por despacho 0,perforadoras
0002dc3c77bb16b1,90101601,True,0.043,5190.0,ninguno,48101713,Coctelera o accesorios de cóctel,0.275,80111701,0.252,80111709,0.217,90,AG,2_medio,2023,01 servicio de coctel para 80 personas en actividad municipal segun solicitud adjunta orden de compra codigo 3231 531 ag23 dirigida a claudia elena quilodran canales contratacion de 01 servicio de coc,banquetes
0002ec1e799d744c,50101538,True,0.096,62.0,ninguno,53102702,Uniformes varios,0.241,53102712,0.235,53102703,0.234,50,TD,1_bajo,2025,10100010010 naranja sin deshidrataciin sin exceso de russet fruto limpio sin dano por insectos 90 color de cubrimiento tamano uniforme 10100010010 naranja sin deshidrataciin sin exceso de russet fruto,verduras frescas
0002f5db74576774,80111715,True,0.077,723.0,ninguno,85122106,Kinesiología,0.466,91111703,0.199,91111701,0.196,80,TD,1_bajo,2026,compra servicio kinesiologo psvc 44 hrs compra servicio kinesiologo psvc 44 hrs,profesionales
000300e80027d4b7,42151620,True,0.013,4701.0,ninguno,85131602,Código de conducta médica,0.234,55121608,0.234,43211701,0.226,42,MC,1_bajo,2018,codigo as 46 3 jgo dientes color 46 mod 3 a sup marche codigo as 46 3 jgo dientes color 46 mod 3 a sup marche,limas o raspadores dentales
00030c243b424f49,55111506,True,0.417,1.0,hoja,55111506,Revistas electrónicas,0.417,55101506,0.288,56101529,0.273,55,SE,2_medio,2017,marcaje revistas entre 0 y 35 referencias marcaje revistas entre 0 y 35 referencias,revistas electronicas
00030ce8e8e2028c,60121001,True,0.207,53.0,ninguno,31211603,Pintura secante,0.302,31211504,0.297,31211506,0.293,60,SE,2_medio,2022,pintura polane white segun anexo c pintura polane white segun anexo c,pinturas
0003103427027c84,39121402,True,0.201,24.0,N3,39121405,Terminales de cable o alambre,0.279,39121506,0.266,39121409,0.251,39,TD,1_bajo,2025,materiales 300 mts de preemsamblado de 2 x 5 mm2 25 conector dentado 25 mts de cable unifilar 8 awg 12 mts de cable unifilar de 4 awg 8 terminales de ojo 6 cintas aislantes 4 cintas de goma 3 grampas ,enchufes electricos
00031cd6a4feb451,90111501,True,0.218,94.0,ninguno,56101515,Camas,0.386,56101519,0.385,56101504,0.381,90,TD,2_medio,2025,alojamiento temuco act s e alojamiento temuco act s e,hoteles
00031edd37425999,24111503,True,0.164,17.0,N1,24121504,Envases cardados,0.278,47121707,0.241,47121701,0.24,24,SE,1_bajo,2018,a002u 5748 bolsa poliet roja 50 80 0 08 espesor un envase 25 kilos,bolsas de plastico
00031fbda11520d5,82151704,True,0.061,625.0,ninguno,43232106,Programas de presentación,0.221,85131603,0.189,93131603,0.174,82,SE,3_alto,2017,contratar presentacion artistica agrupacion los jaivas el dia viernes 17 de febrero de 2017 en la plaza de coihueco en el marco del programa coihueco mas entretenido en verano 2017 proveer presentacio,servicios de musicos banda u orquestas
00032e7fd9c273b3,10191506,True,0.054,454.0,ninguno,51101718,Benzoato de bencilo,0.244,51142411,0.199,93171503,0.163,10,SE,2_medio,2021,brodifacoum 0 005 benzoato de denantonio 0 001 formulacion soft bait rodenticida a base de brodifacoum 0 005 benzoato de denantonio 0 001 formulacion soft bait balde de 10 kilos vencimiento en diciemb,raticidas
0003355957624a4a,45111616,True,0.183,8.0,ninguno,43222631,Estaciones de base de fidelidad inalámbrica (WiFi),0.257,45111615,0.21,45111602,0.205,45,AG,2_medio,2025,proyector inalambrico debe considerar las siguientes especificaciones inalambrico full hd 1080p 4 000 lumenes proyeccion corta minimo 20 000 horas de funcionamiento eps pro l210sf 4000l fullhd 1080p l,proyectores de video
00033f84b762a29b,86111504,True,0.12,129.0,ninguno,85151601,Programas de nutrición,0.352,85151606,0.342,85151607,0.316,86,CM,2_medio,2017,1333723 curso de salud actualizacion en programa vida sana y coaching nutricional valor por alumno 1359870 1333723 curso de salud actualizacion en programa vida sana y coaching nutricional valor por a,programas no diplomados a distancia
00034e6fdb288ff4,92121703,True,0.09,581.0,ninguno,41115317,Estroboscopios,0.263,39111706,0.203,42295009,0.186,92,AG,1_bajo,2026,alarma comunitaria inalambrica de 15w con sirena de 118 db luz estroboscopica led y bateria de respaldo de 24 horas incluye 2 controles remotos tipo boton de panico y accesorios para instalacion,alarmas
000374be5a006294,39111504,True,0.221,3.0,N2,39112002,Carro de iluminación,0.226,39111806,0.221,39111504,0.221,39,MC,1_bajo,2018,contratar servicio de amplificacion e iluminacion para semana de aniversario escuela de quillaileo desde el 03 12 al 06 12 contratar servicio de amplificacion e iluminacion para semana de aniversario ,sistemas de iluminacion de escenario o estudio
0003941b03a030ef,94101806,True,0.005,16057.0,ninguno,84131515,Seguro colectivo para joyeros,0.399,84131601,0.378,84131605,0.342,94,SE,2_medio,2017,prima de seguros colectivo de vida mes de noviembre 2016 segun factura 11185,sindicatos de personal medico
000394c0fad4120c,40101833,True,0.159,20.0,ninguno,93141612,Programas de planificación familiar,0.267,93141504,0.261,40102002,0.257,40,AG,2_medio,2020,caldera para centro comunitario de salud familiar cecosf decreto n 1286 autoriza trato directo,dispositivo de encendido de calentador o caldera
000399bbdfd18cf8,45101702,True,0.0,5854.0,ninguno,92101904,Servicios de salvavidas,0.253,92101901,0.226,92101903,0.217,45,MC,1_bajo,2019,sdi base salvacorte 45 x 30 sdi base salvacorte 45 x 30,guillotinas de imprenta
00039a5a0da54e8d,30102301,True,0.141,17.0,ninguno,43201541,Unidad central de interfaz de canal a canal,0.186,30102312,0.169,20122903,0.168,30,CM,1_bajo,2019,959028 perfil canal cintac omega cub 38x35x15x8x0 85x6mts unidad 976028 959028 perfil canal cintac omega cub 38x35x15x8x0 85x6mts unidad codigo region rm monto por unidad a pagar por despacho 0,perfiles de aleaciones ferrosas
0003a7079f93d86c,83111603,True,0.108,129.0,ninguno,43211720,Kits de verificación de tarjetas de crédito o débito de punto de venta,0.153,43211702,0.147,42242002,0.143,83,AG,2_medio,2024,bam con 2 antenas 2 4 ghz con 4 puertos gigabit rj45 y que sea compatible con tarjeta sim puede ser tipo huawei 4g reuter 2 pro o similar debera incluir un plan de datos de 100 gb mensuales o superior,servicios de telefonia movil
0003b35d353314fa,41112209,True,0.035,4925.0,ninguno,92111602,Desarme de armas convencionales,0.287,26101701,0.27,31171504,0.258,41,TD,1_bajo,2026,se realizara desarme del quemador a gas cambio de rodamientos y mantencion general,termostatos
0003c3aaaa040110,48101615,True,0.247,1.0,hoja,48101615,Lavaplatos de uso comercial,0.247,46182402,0.148,86131502,0.134,48,CM,1_bajo,2019,1552786 lavaplato bella cucina kit mb 100 der izq c reb unidad 1554668 1552786 lavaplato bella cucina kit mb 100 der izq c reb unidad codigo region v monto por unidad a pagar por despacho 0,lavaplatos de uso comercial
0003c62cb13e29c9,41103912,True,0.153,446.0,ninguno,42295427,Cepillos quirúrgicos de instrumento estéril o estiletes de instrumento o limpia instrumentos,0.394,42295413,0.368,42295408,0.358,41,AG,2_medio,2023,207 0290 cepillo para lavado de instrumental quirurgico cerdas de nylon 1 3 cm 207 0290 cepillo para lavado de instrumental quirurgico cerdas de nylon 1 3 cm,cepillos centrifugos
0003ce69c91fc87a,93141703,True,0.074,776.0,ninguno,60122604,Accesorios de mosaico,0.267,60122601,0.266,60122602,0.266,93,SE,3_alto,2025,contratacion de arte decorativo de espacios publicos mediante tecnicas de mosaicos comuna de la pintana segun lo establecido en decreto aumento contrato n 4555 2025 meses septiembre a diciembre 2025 c,servicios relacionados con el arte
0003d2b1ef38a365,42192604,True,0.008,7412.0,ninguno,40161802,Fieltros comprimidos,0.277,30102523,0.239,27131502,0.239,42,TD,2_medio,2025,myfortic fct 180 mg x 120 comprimidos codigo interno 2145196 cm myfortic fct 180 mg x 120 comprimidos,sistemas de administracion de farmacos o accesorios
0003ddcbbecc8133,45121520,True,0.285,1.0,hoja,45121520,Webcams,0.285,14111611,0.161,26101809,0.147,45,AG,1_bajo,2024,camara web webcam logitech brio 100 fhd orden de compra generada por invitacion a compra agil 5626 1257 cot24 cotizacion n 37409,webcams
0003ebfafa63f718,25172504,True,0.32,6.0,N3,25172503,Neumáticos para camiones pesados,0.413,25172508,0.378,25172507,0.373,25,CM,2_medio,2018,1345328 neumatico vehiculo pesado goodyear it 525 r4 19 5l24 unidad 1371577 1345328 neumatico vehiculo pesado goodyear it 525 r4 19 5l24 unidad codigo region ix monto por unidad a pagar por despacho 0,neumaticos para camionetas o automoviles
0003f2c2ff428f35,31132002,True,0.041,4893.0,ninguno,40142005,Mangueras para manejar material,0.344,40142007,0.343,40142003,0.34,31,SE,2_medio,2022,1 gastos operacionales insumos y materiales de limpieza 2 kit de mangueras calefactor miscelaneos,repuestos de metal no ferroso en polvo
0003f4250bd41d6a,70141703,True,0.012,10811.0,ninguno,84111703,Servicios de preparación o revisión de presupuestos,0.352,71151201,0.307,93151601,0.301,70,SE,3_alto,2017,servicio de asesoria tecnica presupuesto ano 2017,administracion de cultivos
0003f4835ff68cf6,52151502,True,0.061,2456.0,ninguno,78121501,Transporte en contenedores,0.262,41104116,0.214,46181525,0.199,52,SE,2_medio,2024,20 070 353 711 00 plato aluminio con tapa de 500 cc similar o equivalente a alusa c10 segun ett adjuntas contenedor alum c 10l ctapa 50x20 contenedor de aluminio con tapa productos de excelentes carac,platos desechables domesticos
0003f7179a73affd,21101506,True,0.147,42.0,ninguno,23153313,Cuchillas o conjuntos de cuchillas de maquinaria,0.279,27112819,0.269,23191202,0.253,21,SE,2_medio,2021,cuchillas para motoniveladora caterpillar largo 6 pies ancho 8 con orificio de 3 4 n parte 7d 1576 cuchillas para motoniveladora caterpillar np 7d1576,maquinas explanadoras o niveladoras
0004081e186fe671,43232701,True,0.022,5913.0,ninguno,71112308,Servicios de adquisición sísmica marina cuatro dimensional,0.191,71112307,0.19,43231512,0.168,43,SE,3_alto,2021,adquisicion de cuarenta y cuatro 44 licencias arcserve udp v6 5 premium edition socket one year enterprise maintenance unidad dieciseis 16 licencias veeam renovacion availability suite enterprise plus,software de servidor de aplicaciones
000413a17ad97b3d,76111603,True,0.282,27.0,ninguno,47131829,Productos de limpieza del baño,0.338,47121812,0.328,47132101,0.324,76,AG,1_bajo,2020,limpieza y mantencion canones estufa concepcion limpieza de 2 canones de estufa detalle en cotizacion del 02 de junio de 20202,limpieza de chimeneas
000418b411d433c7,83102001,True,0.447,1.0,hoja,83102001,Servicios funerarios,0.447,42262102,0.436,42262104,0.434,83,AG,1_bajo,2020,aporte funerario caso social aporte funerario caso social,servicios funerarios
0004268d2d5c27f8,24141515,True,0.313,13.0,ninguno,46181802,Lentes de protección,0.39,46181811,0.389,46181704,0.386,24,SE,3_alto,2024,proteccion pararrayos proteccion pararrayos,red de proteccion
0004376f0af782c7,70111703,True,0.258,1.0,hoja,70111703,Servicios de sembradío o mantenimiento de jardines,0.258,72101803,0.247,47132101,0.235,70,TD,1_bajo,2026,limpieza y mantencion de jardines y patios del cesfam los volcanes y casa psicosocial mes junio 2026 limpieza y mantencion de jardines y patios del cesfam los volcanes y casa psicosocial mes junio 202,servicios de sembradio o mantenimiento de jardines
00043adc711fd183,39111605,True,0.284,10.0,N2,39112002,Carro de iluminación,0.331,39111806,0.317,39111516,0.316,39,SE,3_alto,2017,serv prov e inst de iluminacion areas verdes comuna de rancagua iluminacion area verde parque lourdes se adjunta orden de trabajo no 12 2017,iluminacion paisajistica y de zona
0004504149733fdc,45111609,True,0.016,10462.0,ninguno,40142606,Conexiones de tubo,0.275,78102102,0.221,40142613,0.22,45,SE,1_bajo,2017,data de 4000 lumenes hd entrada video vga rca hdmi conexion usb control remoto bolso de transporte cotizacion nro 17731,proyectores multimedia
0004538b27928e38,14111815,True,0.208,2.0,ninguno,30221004,Edificios de tiendas,0.266,14111815,0.208,72131601,0.208,14,AG,2_medio,2025,tarjeta gif card para adquisicion de materiales de construccion y hogar en grandes tiendas ferreterias o cualquier comercio asociado a este tipo de materiales la tarjeta gif card debe ser con un saldo,tarjetas promocionales
00045a9dfb9a9376,90101603,True,0.093,1043.0,ninguno,48101713,Coctelera o accesorios de cóctel,0.441,50202308,0.225,83101507,0.223,90,TD,1_bajo,2025,servicio de coctel segun cotizacion,servicios de catering
0004677f29e80ff5,56121703,True,0.243,10.0,ninguno,44111502,Organizadores para cajones de escritorio,0.348,44111512,0.311,44111510,0.297,56,CM,2_medio,2017,1096637 gabinete escolar organizador de escritorio profesor md2 unidad 1116637 1096637 gabinete escolar organizador de escritorio profesor md2 unidad codigo region v monto por unidad a pagar por despa,gabinetes
0004698b9cf81bce,11121604,True,0.191,18.0,ninguno,23231902,Placa trasera,0.273,23231903,0.271,23231901,0.268,11,CM,1_bajo,2018,1337771 madera seca madera sodimac 2x5 x 3 20 m pino cepillado seco unidad 1363969 1337771 madera seca madera sodimac 2x5 x 3 20 m pino cepillado seco unidad codigo region rm monto por unidad a pagar ,madera de coniferas
00047cced9074629,26101805,True,0.038,2110.0,ninguno,52161513,Televisión con videograbador incluido,0.263,51101589,0.226,80141618,0.209,26,TD,1_bajo,2026,kit antiderrames para trabajos electricos con flete incluido cotizacion n 112 2026 con flete incluido,kits de reparacion del motor
0004858795c103ba,84131602,True,0.225,13.0,ninguno,42182311,Sensores neurológicos,0.309,42182307,0.308,42182313,0.292,84,SE,2_medio,2022,hospitalizacion neurologica correspondiente al mes de julio 2022 paciente karina a r u t 15 514 xxx x hospitalizacion neurologica correspondiente al mes de julio 2022 paciente karina a r u t 15 514 xx,seguros de enfermedades y hospitalizacion
000488849afc9155,60121204,True,0.197,99.0,ninguno,12171703,Tintas,0.356,60122401,0.355,60122402,0.347,60,MC,1_bajo,2018,temperas de colores temperas de colores,pintura de tempera lavable
000497d6b476eb5b,46181602,True,0.383,26.0,ninguno,92121703,Alarmas,0.463,92121701,0.431,46181522,0.429,46,SE,3_alto,2026,elementos de proteccion personal e insumos de seguridad p02 sg suministro epp e insumos de seguridad todos ee contrato de suministros de epp segun cotizacion adjunta,calzado protector contra materias peligrosas
000499c186a82fe7,20102305,True,0.019,14031.0,ninguno,80131503,Arriendo de tierras,0.225,80131502,0.224,80131501,0.217,20,AG,1_bajo,2025,arriendo de camioneta 4x4 para funciones de estafeta documentos al dia mantencion al dia buen estado mecanico periodo de 15 dias,vehiculos de servicio
0004a25479bc6b31,71121704,True,0.264,9.0,ninguno,30222404,Unidad de cuidados intensivos,0.305,72131502,0.29,30222207,0.286,71,AG,1_bajo,2023,5 unidades fierro de construccion 8 mm x 6 mts 5 unidades fierro de construccion 8 mm x 6 mts,servicios de recuperacion de despojos de fierro en el campo petrolifero
0004a54b0f639c24,15101505,True,0.162,382.0,ninguno,40101832,Puertas para equipos de calefacción,0.481,40101808,0.47,20142101,0.392,15,AG,2_medio,2022,petroleo para calefaccion crs coyhaique,diesel
0004c3eed639ff27,26101604,True,0.155,117.0,ninguno,25174212,Conjuntos de la columna de dirección,0.272,25174213,0.27,90111802,0.249,26,AG,2_medio,2025,adquisicion de 3 motores electricos para portones de corredera para conjuntos habitacionales de la direccion de bienestar adquisicion de 3 motores electricos para portones de corredera para conjuntos ,motores de corriente alterna ca o corriente continua cc
0004c667effbfc50,82121701,True,0.127,164.0,ninguno,91111901,Jardines infantiles o salas cunas,0.273,56121603,0.241,56121602,0.239,82,AG,2_medio,2022,servicio de impresion y anillados libros de asistencias ano 2022 para jardines infantiles de junji tarapaca se adjunta documento pdf detallando las cantidades solictadas y se adjunta formato tipo de c,servicios de copias en blanco y negro
0004c68d09fa130f,31211504,True,0.213,4.0,N3,31211508,Pinturas acrílicas,0.257,31211915,0.221,31211603,0.215,31,AG,2_medio,2025,pintura para techos acrizinc 4 gl color rojo colonial satinado pintura para techos acrizinc 4 gl color rojo colonial satinado,pinturas de cobertura
0004d36e1ca2c5f3,47131814,True,0.016,4181.0,ninguno,41103206,Detergentes de laboratorio,0.222,12352204,0.218,42312305,0.215,47,AG,2_medio,2025,detergente enzimatico endozime aw plus 4 litros ref 34526 29 76785 detergente enzimatico endozime aw plus 4 litros ref 34526 29 76785,limpiadores o pulidores de metal
0004d6dfcf412f31,41116127,True,0.089,526.0,ninguno,72101901,Diseño o decoración de interiores,0.192,85151504,0.184,20121308,0.182,41,TD,3_alto,2026,kit preparacion de libreria para geno vih pr rt int k 301068 entrega 24 a 48 horas habiles vencimiento igual o superior a 12 meses fechas inferiores con previa validacion de tecnologo,reactivos soluciones o tinturas inmunologicos o serologicos
0004db4137d43d9a,70141604,True,0.022,5440.0,ninguno,44122019,Cajas de archivo o accesorios,0.281,44122015,0.262,44122011,0.251,70,AG,1_bajo,2024,tiburon 500 sc linuron x 1 lt ver archivo anexo para especificaciones tecnicas,servicios de herbicidas
0004e87dcc1b9fd7,48101615,True,0.002,8938.0,ninguno,44122103,Corchetes,0.597,44121613,0.551,44121615,0.499,48,MC,1_bajo,2019,corchetes n 6 corchetes n 6,lavaplatos de uso comercial
0004e94333a020d4,73141701,True,0.002,9799.0,ninguno,49181601,Blancos de tiro al arco,0.318,49181607,0.296,49181604,0.232,73,MC,1_bajo,2019,bistrech blanco bistrech blanco,servicios de fabricacion de tejidos de amplia tela
000501e5f4c2c3cc,25101610,True,0.097,57.0,ninguno,80131503,Arriendo de tierras,0.304,80131501,0.294,30222205,0.283,25,SE,2_medio,2018,arriendo camion aljibe riego de areas verdes arriendo camion aljibe riego de areas verdes,camiones cisterna
00050b88c7c57fe1,45111704,True,0.16,30.0,ninguno,41114104,Amplificadores sísmicos,0.235,43221801,0.235,32101629,0.212,45,SE,2_medio,2023,equipos de amplificacion controlador dj consolas power microfonos caja acustica otros segun especificaciones tecnicas formulario de requerimiento anexo tecnico economico y declaraciones juradas adj eq,consolas de mezcla de sonidos
00050fd5cf21cc11,84131603,True,0.141,18.0,N3,84131606,Seguro de desempleo,0.165,84131517,0.163,84131512,0.161,84,AG,1_bajo,2023,seguro station wagon peugeot expert combi confort hdi 1 6 patente cxcw 55 ano 2011 motor az029866 seguro station wagon peugeot expert combi confort hdi 1 6 patente cxcw 55 ano 2011 motor az029866,seguros contra accidentes
000519d423427c81,70141507,True,0.269,2.0,ninguno,73131903,Servicios de elaboración de azúcar o productos de azúcar,0.395,70141507,0.269,73131905,0.253,70,MC,1_bajo,2019,kilos azucar blanca granulada kilos azucar blanca granulada,produccion de remolacha azucarera y cana de azucar
00051aa586024b7d,56121502,True,0.147,14.0,ninguno,13111050,Óxido de polipropileno,0.326,13111051,0.325,13111019,0.323,56,CM,3_alto,2019,1610824 silla escolar tipo 5 casco polipropileno 79 6 x 45 cm unidad 1612722 1610824 silla escolar tipo 5 casco polipropileno 79 6 x 45 cm unidad codigo region ix monto por unidad a pagar por despacho,sillas de aula
00051e7c6dc4fc80,39111504,True,0.013,13411.0,ninguno,41121604,Puntas de pipeta de referencia,0.19,55111601,0.184,80141803,0.173,39,AG,2_medio,2025,se adjuntan terminos de referencia de lo que se esta solicitando para desarrollar evento el dia sabado 29 11 2025,sistemas de iluminacion de escenario o estudio
000523dfd2a8aea6,50192703,True,0.057,2224.0,ninguno,85151702,Información global de ayuda alimentaria,0.227,85151705,0.219,42202501,0.215,50,CM,2_medio,2017,1241302 caja de alimento ayuda social simple 16 productos unidad 1267403 1241302 caja de alimento ayuda social simple 16 productos unidad codigo s000009 region ix monto por unidad a pagar por despacho,platos combinados estable sin refrigerar
000536c013243539,30102301,True,0.126,42.0,N2,30101516,Ángulos de caucho,0.226,30101504,0.222,30101510,0.221,30,CM,2_medio,2018,982537 perfil angulo vh doblado 3 mm espesor 40 x 40 x 6 mt 998065 982537 perfil angulo vh doblado 3 mm espesor 40 x 40 x 6 mt codigo 16110 1 region iii monto por unidad a pagar por despacho 1556,perfiles de aleaciones ferrosas
000537ff5be19e98,60141101,True,0.022,13219.0,ninguno,86141601,Clubes recreativos para estudiantes,0.226,86141602,0.218,60101203,0.205,60,SE,3_alto,2021,incentivos para los estudiantes de varias escuelas con cargo a sep item 215 24 01 008 premios y otros segun cotizacion adjunta favor enviar factura a betty morales daem parral cl fono 9 42382477 direc,juegos educativos
000543e3bc263c92,76101501,True,0.145,71.0,ninguno,93121704,Servicios del Secretariado de la ONU,0.293,80161501,0.287,80121706,0.242,76,AG,2_medio,2024,subsecretaria del trabajo servicio de aseo periodo de 3 meses,servicios de saneamiento de aseos
00056ffd6fb51f20,53102518,True,0.008,8088.0,N3,53102501,Cinturones o suspensores,0.256,25202301,0.255,51211615,0.235,53,SE,2_medio,2018,cinturon tela azul cinturon tela azul plazo de entrega 5 dias habiles,pasamanerias
00058f681af85d30,31201516,True,0.051,664.0,ninguno,53111504,Botas de niña,0.421,53111503,0.42,53111505,0.412,31,TD,1_bajo,2025,botas punta y plantilla,cinta reflectiva
0005c1002059bd6f,40101825,True,0.09,123.0,ninguno,41113625,Cámaras de ionización,0.244,41113004,0.227,41113641,0.206,40,MC,1_bajo,2019,calefont master ionizado splendid 13 lts ionizado gl conforme a cotizacion adjunta de la empresa construmart calefont master ionizado splendid 13 lts ionizado gl conforme a cotizacion adjunta de la em,calentadores de agua de uso domestico
0005ccccc6519bda,49201503,True,0.051,7605.0,ninguno,42192208,Accesorios de sillas de ruedas,0.212,42192210,0.206,42192209,0.196,49,AG,2_medio,2025,estructura rigida acero reforzado asiento con espuma de alta densisdad transpirable sistema de ajuste de altura de asiento con paciente sentado agarres antial rgicos botones de acceso rapido en manill,bicicletas est ticas
0005e74478786dbe,25132002,True,0.283,7.0,ninguno,24111502,Bolsas de papel,0.326,24111509,0.325,24111501,0.321,25,MC,1_bajo,2019,bolsas globos celestes bolsas globos celestes,globos de aire caliente
0005e7900b9402c8,85121602,True,0.025,1314.0,ninguno,42161632,Unidad de hemodiálisis,0.349,42161604,0.349,42161602,0.336,85,CM,3_alto,2017,1116036 hemodialisis mensual adulto nephrocare rondizzoni sede santiago 1136036 1116036 hemodialisis mensual adulto nephrocare rondizzoni sede santiago codigo region rm,servicios de nefrologia
000601b6f7214d0e,53102602,True,0.113,83.0,ninguno,52121703,Toalla de cara,0.306,52121701,0.278,52121704,0.275,53,AG,2_medio,2022,51 batas de toalla con logo esfocar especificaciones anexo 1,pijamas camisones y batas para hombre
00060741a1121c9f,53102701,True,0.008,4374.0,ninguno,12171603,Negro de carbón,0.167,12141708,0.155,82121701,0.146,53,SE,3_alto,2024,fornitura negra fornitura negra,uniformes militares
000608b840143b00,49211802,True,0.091,802.0,ninguno,90141501,Ligas deportivas,0.272,49221501,0.261,49161611,0.254,49,SE,2_medio,2023,compra materiales deportivos para escuela vega redonda segun requerimiento adjunto de la solicitud n 12682 materiales deportivos para escuela vega redonda,aro o hula hula
000609ad10a0af80,42312313,True,0.248,7.0,N3,42312310,Frascos limpiadores,0.296,24122005,0.285,47121903,0.273,42,CM,3_alto,2022,1377303 limpiador de heridas vashe botella 250 ml 12 unidades 1403803 1377303 limpiador de heridas vashe botella 250 ml 12 unidades codigo region iv monto por unidad a pagar por despacho 5820,soluciones para la limpieza de heridas
